     1       0
     2       0
     3       0
     4       0
     5       0
     6       0
     7       0
     8       0
     9       0
    10       0
    11       0
    12       0
    13       0
    14       0
    15       0
    16       0
    17       0
    18       0
    19       0
    20       1
    21       0
    22       0
    23       0
    24       0
    25       0
    26       1
    27       0
    28       0
    29       0
    30      21
    31      43
    32      65
    33      70
    34      73
    35     113
    36     139
    37     162
    38     126
    39      82
    40      50
    41      64
    42      44
    43      47
    44      55
    45      46
    46      33
    47      42
    48      53
    49      48
    50      49
    51      36
    52      45
    53      36
    54      51
    55      43
    56      34
    57      49
    58      46
    59      46
    60      62
    61      48
    62      62
    63      54
    64      40
    65      36
    66      58
    67      49
    68      42
    69      55
    70      37
    71      40
    72      32
    73      41
    74      49
    75      51
    76      46
    77      58
    78      68
    79      63
    80      43
    81      48
    82      44
    83      49
    84      63
    85      65
    86      48
    87      68
    88      52
    89      64
    90      61
    91      57
    92      65
    93      85
    94     102
    95     116
    96     151
    97     171
    98     103
    99      75
   100      49
   101      58
   102      41
   103      36
   104      44
   105      33
   106      48
   107      51
   108      45
   109      57
   110      43
   111      44
   112      41
   113      37
   114      37
   115      40
   116      57
   117      51
   118      70
   119      73
   120      55
   121      49
   122      47
   123      40
   124      40
   125      50
   126      51
   127      32
   128      48
   129      43
   130      25
   131      46
   132      46
   133      37
   134      61
   135      43
   136      46
   137      48
   138      67
   139      79
   140      86
   141     105
   142      73
   143      44
   144      54
   145      36
   146      41
   147      32
   148      31
   149      34
   150      42
   151      33
   152      50
   153      48
   154      37
   155      35
   156      37
   157      49
   158      53
   159      68
   160      69
   161      86
   162     102
   163     126
   164     140
   165     141
   166     127
   167     157
   168     176
   169     237
   170     344
   171     593
   172     895
   173    1316
   174    1503
   175    1378
   176     956
   177     576
   178     304
   179     156
   180      83
   181      70
   182      57
   183      55
   184      59
   185      64
   186      75
   187      74
   188      80
   189      82
   190      98
   191     106
   192     108
   193     186
   194     323
   195     510
   196     555
   197     555
   198     437
   199     320
   200     246
   201     182
   202     166
   203      87
   204      88
   205     111
   206     139
   207     172
   208     180
   209     145
   210      95
   211      38
   212      54
   213      33
   214      32
   215      32
   216      43
   217      47
   218      41
   219      39
   220      40
   221      48
   222      48
   223      38
   224      50
   225      49
   226      59
   227      61
   228      56
   229      47
   230      50
   231      56
   232      44
   233      53
   234      60
   235      54
   236      54
   237      46
   238      51
   239      68
   240      53
   241      61
   242      56
   243      70
   244      70
   245      64
   246      89
   247      82
   248     149
   249     243
   250     327
   251     409
   252     435
   253     449
   254     409
   255     294
   256     183
   257     116
   258      55
   259      58
   260      62
   261      60
   262      57
   263      56
   264      45
   265      47
   266      31
   267      47
   268      42
   269      42
   270      31
   271      50
   272      30
   273      41
   274      46
   275      42
   276      40
   277      39
   278      43
   279      43
   280      34
   281      32
   282      73
   283      91
   284     110
   285     153
   286     153
   287     175
   288     115
   289      90
   290      80
   291      61
   292      78
   293      76
   294      79
   295      57
   296      64
   297      44
   298      38
   299      41
   300      41
   301      39
   302      52
   303      29
   304      41
   305      45
   306      47
   307      48
   308      43
   309      44
   310      37
   311      48
   312      50
   313      35
   314      38
   315      57
   316      53
   317      45
   318      42
   319      59
   320      48
   321      48
   322      54
   323      51
   324      56
   325      49
   326      64
   327      60
   328      54
   329      67
   330      58
   331      63
   332      66
   333      66
   334      63
   335      68
   336      69
   337      65
   338      72
   339      71
   340      80
   341      65
   342      76
   343      87
   344      71
   345      72
   346      68
   347      57
   348      84
   349      66
   350      74
   351      67
   352      74
   353      65
   354      73
   355      65
   356      70
   357      80
   358      81
   359      76
   360      70
   361      88
   362      75
   363      84
   364      89
   365      80
   366      80
   367      78
   368      75
   369      86
   370      86
   371      96
   372      78
   373      98
   374      93
   375     131
   376     114
   377      95
   378     144
   379     152
   380     141
   381     164
   382     179
   383     194
   384     161
   385     155
   386     183
   387     223
   388     184
   389     225
   390     233
   391     213
   392     211
   393     192
   394     221
   395     193
   396     205
   397     170
   398     175
   399     200
   400     180
   401     162
   402     160
   403     187
   404     163
   405     176
   406     177
   407     164
   408     168
   409     198
   410     187
   411     175
   412     165
   413     166
   414     168
   415     184
   416     157
   417     185
   418     162
   419     165
   420     177
   421     165
   422     170
   423     159
   424     166
   425     149
   426     155
   427     177
   428     168
   429     157
   430     165
   431     180
   432     175
   433     189
   434     200
   435     193
   436     176
   437     191
   438     189
   439     196
   440     198
   441     197
   442     220
   443     212
   444     187
   445     190
   446     206
   447     215
   448     218
   449     227
   450     185
   451     201
   452     196
   453     213
   454     197
   455     220
   456     220
   457     236
   458     236
   459     242
   460     292
   461     306
   462     438
   463     699
   464    1297
   465    2671
   466    4888
   467    6833
   468    7525
   469    6697
   470    4454
   471    2456
   472    1086
   473     502
   474     245
   475     138
   476      88
   477      52
   478      38
   479      32
   480      25
   481      41
   482      40
   483      29
   484      36
   485      30
   486      37
   487      31
   488      30
   489      36
   490      36
   491      37
   492      26
   493      44
   494      39
   495      31
   496      38
   497      30
   498      24
   499      34
   500      27
   501      42
   502      29
   503      36
   504      27
   505      34
   506      43
   507      40
   508      35
   509      29
   510      29
   511      28
   512      38
   513      26
   514      30
   515      40
   516      32
   517      41
   518      40
   519      34
   520      41
   521      31
   522      33
   523      40
   524      35
   525      37
   526      28
   527      28
   528      36
   529      37
   530      28
   531      46
   532      36
   533      32
   534      37
   535      36
   536      29
   537      34
   538      37
   539      32
   540      44
   541      39
   542      38
   543      40
   544      36
   545      49
   546      40
   547      26
   548      32
   549      45
   550      42
   551      45
   552      41
   553      45
   554      42
   555      38
   556      28
   557      29
   558      25
   559      37
   560      33
   561      28
   562      31
   563      33
   564      30
   565      28
   566      37
   567      34
   568      34
   569      40
   570      37
   571      35
   572      40
   573      33
   574      32
   575      35
   576      36
   577      41
   578      30
   579      29
   580      31
   581      31
   582      27
   583      27
   584      33
   585      38
   586      33
   587      32
   588      45
   589      40
   590      41
   591      41
   592      44
   593      35
   594      46
   595      29
   596      32
   597      29
   598      34
   599      30
   600      38
   601      31
   602      31
   603      46
   604      44
   605      35
   606      42
   607      35
   608      29
   609      36
   610      40
   611      28
   612      36
   613      39
   614      40
   615      34
   616      29
   617      25
   618      34
   619      31
   620      31
   621      29
   622      33
   623      34
   624      41
   625      42
   626      36
   627      26
   628      26
   629      30
   630      31
   631      48
   632      40
   633      42
   634      35
   635      42
   636      41
   637      36
   638      41
   639      39
   640      41
   641      39
   642      32
   643      31
   644      34
   645      43
   646      37
   647      32
   648      41
   649      29
   650      37
   651      37
   652      37
   653      33
   654      37
   655      30
   656      43
   657      40
   658      36
   659      36
   660      23
   661      30
   662      48
   663      43
   664      30
   665      46
   666      32
   667      41
   668      48
   669      49
   670      38
   671      39
   672      52
   673      31
   674      28
   675      43
   676      43
   677      48
   678      39
   679      40
   680      41
   681      27
   682      41
   683      38
   684      52
   685      57
   686      71
   687     121
   688     227
   689     365
   690     494
   691     559
   692     561
   693     442
   694     316
   695     154
   696      83
   697      63
   698      51
   699      37
   700      25
   701      30
   702      29
   703      21
   704      29
   705      25
   706      27
   707      33
   708      31
   709      22
   710      22
   711      31
   712      33
   713      36
   714      45
   715      35
   716      31
   717      30
   718      31
   719      21
   720      23
   721      27
   722      28
   723      28
   724      33
   725      35
   726      24
   727      36
   728      35
   729      43
   730      22
   731      25
   732      34
   733      29
   734      30
   735      20
   736      25
   737      40
   738      22
   739      25
   740      28
   741      29
   742      26
   743      22
   744      35
   745      26
   746      36
   747      32
   748      33
   749      35
   750      19
   751      30
   752      33
   753      24
   754      26
   755      26
   756      34
   757      28
   758      29
   759      38
   760      26
   761      30
   762      34
   763      27
   764      34
   765      30
   766      35
   767      25
   768      28
   769      23
   770      29
   771      26
   772      29
   773      24
   774      30
   775      31
   776      25
   777      38
   778      44
   779      26
   780      27
   781      35
   782      32
   783      25
   784      25
   785      24
   786      24
   787      39
   788      28
   789      28
   790      30
   791      28
   792      27
   793      27
   794      30
   795      22
   796      37
   797      28
   798      31
   799      32
   800      29
   801      28
   802      29
   803      29
   804      28
   805      37
   806      29
   807      30
   808      29
   809      17
   810      32
   811      28
   812      18
   813      31
   814      38
   815      32
   816      26
   817      23
   818      28
   819      29
   820      27
   821      32
   822      24
   823      27
   824      37
   825      37
   826      33
   827      22
   828      25
   829      31
   830      26
   831      28
   832      28
   833      32
   834      22
   835      30
   836      35
   837      30
   838      28
   839      32
   840      34
   841      39
   842      30
   843      28
   844      41
   845      27
   846      32
   847      23
   848      23
   849      31
   850      25
   851      24
   852      37
   853      26
   854      36
   855      36
   856      19
   857      30
   858      29
   859      36
   860      27
   861      45
   862      35
   863      26
   864      37
   865      34
   866      29
   867      31
   868      29
   869      26
   870      29
   871      24
   872      27
   873      25
   874      33
   875      37
   876      29
   877      31
   878      35
   879      30
   880      28
   881      35
   882      27
   883      51
   884      26
   885      33
   886      23
   887      30
   888      44
   889      30
   890      32
   891      24
   892      26
   893      32
   894      22
   895      38
   896      29
   897      29
   898      26
   899      37
   900      23
   901      31
   902      31
   903      32
   904      30
   905      29
   906      28
   907      18
   908      23
   909      22
   910      39
   911      36
   912      23
   913      27
   914      23
   915      32
   916      31
   917      27
   918      28
   919      35
   920      26
   921      17
   922      34
   923      32
   924      29
   925      35
   926      35
   927      37
   928      30
   929      31
   930      31
   931      36
   932      31
   933      25
   934      33
   935      37
   936      23
   937      20
   938      28
   939      30
   940      32
   941      32
   942      29
   943      30
   944      26
   945      37
   946      31
   947      34
   948      31
   949      29
   950      29
   951      31
   952      29
   953      32
   954      54
   955      88
   956     113
   957     151
   958     158
   959     153
   960     125
   961      84
   962      61
   963      45
   964      34
   965      24
   966      28
   967      25
   968      38
   969      24
   970      25
   971      29
   972      31
   973      28
   974      30
   975      34
   976      26
   977      27
   978      29
   979      25
   980      24
   981      38
   982      30
   983      31
   984      26
   985      22
   986      29
   987      19
   988      37
   989      24
   990      31
   991      31
   992      23
   993      32
   994      26
   995      28
   996      34
   997      29
   998      32
   999      30
  1000      30
  1001      30
  1002      20
  1003      47
  1004      39
  1005      34
  1006      29
  1007      34
  1008      33
  1009      27
  1010      30
  1011      36
  1012      29
  1013      33
  1014      33
  1015      26
  1016      22
  1017      33
  1018      23
  1019      36
  1020      29
  1021      37
  1022      27
  1023      27
  1024      26
  1025      36
  1026      38
  1027      17
  1028      26
  1029      35
  1030      38
  1031      30
  1032      26
  1033      31
  1034      26
  1035      39
  1036      32
  1037      25
  1038      33
  1039      38
  1040      30
  1041      32
  1042      43
  1043      36
  1044      29
  1045      33
  1046      29
  1047      29
  1048      29
  1049      37
  1050      23
  1051      35
  1052      31
  1053      31
  1054      34
  1055      29
  1056      30
  1057      21
  1058      27
  1059      28
  1060      23
  1061      26
  1062      39
  1063      30
  1064      33
  1065      32
  1066      37
  1067      26
  1068      46
  1069      46
  1070      47
  1071      53
  1072      44
  1073      52
  1074      44
  1075      32
  1076      36
  1077      27
  1078      27
  1079      31
  1080      27
  1081      40
  1082      32
  1083      30
  1084      29
  1085      18
  1086      32
  1087      31
  1088      31
  1089      15
  1090      29
  1091      23
  1092      21
  1093      33
  1094      26
  1095      31
  1096      34
  1097      26
  1098      32
  1099      32
  1100      28
  1101      31
  1102      32
  1103      21
  1104      32
  1105      27
  1106      31
  1107      45
  1108      30
  1109      29
  1110      26
  1111      38
  1112      32
  1113      30
  1114      36
  1115      19
  1116      31
  1117      21
  1118      28
  1119      37
  1120      28
  1121      24
  1122      22
  1123      33
  1124      30
  1125      25
  1126      35
  1127      29
  1128      30
  1129      26
  1130      29
  1131      31
  1132      19
  1133      31
  1134      24
  1135      32
  1136      34
  1137      30
  1138      32
  1139      29
  1140      19
  1141      25
  1142      23
  1143      29
  1144      29
  1145      27
  1146      33
  1147      27
  1148      26
  1149      28
  1150      26
  1151      27
  1152      29
  1153      37
  1154      31
  1155      25
  1156      33
  1157      32
  1158      35
  1159      32
  1160      30
  1161      29
  1162      24
  1163      24
  1164      22
  1165      39
  1166      33
  1167      35
  1168      26
  1169      28
  1170      24
  1171      23
  1172      34
  1173      32
  1174      29
  1175      37
  1176      31
  1177      35
  1178      33
  1179      34
  1180      27
  1181      36
  1182      26
  1183      34
  1184      39
  1185      33
  1186      35
  1187      27
  1188      30
  1189      27
  1190      24
  1191      29
  1192      23
  1193      24
  1194      33
  1195      26
  1196      25
  1197      23
  1198      19
  1199      28
  1200      22
  1201      29
  1202      28
  1203      26
  1204      33
  1205      21
  1206      20
  1207      35
  1208      29
  1209      17
  1210      32
  1211      28
  1212      27
  1213      23
  1214      27
  1215      21
  1216      31
  1217      29
  1218      36
  1219      31
  1220      19
  1221      33
  1222      30
  1223      25
  1224      32
  1225      25
  1226      23
  1227      30
  1228      35
  1229      39
  1230      25
  1231      28
  1232      34
  1233      37
  1234      28
  1235      24
  1236      23
  1237      20
  1238      35
  1239      22
  1240      28
  1241      27
  1242      34
  1243      41
  1244      34
  1245      35
  1246      45
  1247      28
  1248      26
  1249      32
  1250      32
  1251      29
  1252      26
  1253      27
  1254      22
  1255      38
  1256      34
  1257      27
  1258      31
  1259      23
  1260      22
  1261      29
  1262      27
  1263      23
  1264      30
  1265      28
  1266      31
  1267      30
  1268      29
  1269      31
  1270      35
  1271      24
  1272      29
  1273      35
  1274      26
  1275      24
  1276      37
  1277      22
  1278      31
  1279      23
  1280      22
  1281      35
  1282      28
  1283      26
  1284      32
  1285      29
  1286      27
  1287      39
  1288      25
  1289      35
  1290      36
  1291      39
  1292      29
  1293      29
  1294      25
  1295      33
  1296      25
  1297      27
  1298      28
  1299      35
  1300      31
  1301      31
  1302      28
  1303      45
  1304      26
  1305      29
  1306      32
  1307      28
  1308      31
  1309      25
  1310      21
  1311      25
  1312      26
  1313      29
  1314      23
  1315      35
  1316      25
  1317      35
  1318      20
  1319      37
  1320      35
  1321      25
  1322      26
  1323      37
  1324      26
  1325      29
  1326      35
  1327      32
  1328      31
  1329      26
  1330      20
  1331      41
  1332      30
  1333      27
  1334      18
  1335      29
  1336      21
  1337      34
  1338      26
  1339      23
  1340      19
  1341      33
  1342      23
  1343      32
  1344      37
  1345      29
  1346      35
  1347      33
  1348      26
  1349      24
  1350      35
  1351      34
  1352      27
  1353      24
  1354      33
  1355      29
  1356      33
  1357      27
  1358      28
  1359      28
  1360      26
  1361      36
  1362      37
  1363      32
  1364      32
  1365      27
  1366      38
  1367      35
  1368      33
  1369      33
  1370      36
  1371      25
  1372      27
  1373      28
  1374      25
  1375      25
  1376      33
  1377      32
  1378      29
  1379      37
  1380      30
  1381      25
  1382      24
  1383      28
  1384      28
  1385      28
  1386      24
  1387      31
  1388      15
  1389      33
  1390      31
  1391      27
  1392      30
  1393      34
  1394      25
  1395      38
  1396      30
  1397      25
  1398      41
  1399      27
  1400      25
  1401      30
  1402      28
  1403      27
  1404      26
  1405      26
  1406      36
  1407      27
  1408      19
  1409      31
  1410      29
  1411      30
  1412      28
  1413      27
  1414      23
  1415      43
  1416      21
  1417      31
  1418      26
  1419      26
  1420      49
  1421      32
  1422      37
  1423      17
  1424      27
  1425      26
  1426      43
  1427      34
  1428      39
  1429      33
  1430      21
  1431      27
  1432      34
  1433      33
  1434      28
  1435      26
  1436      43
  1437      28
  1438      39
  1439      36
  1440      34
  1441      32
  1442      36
  1443      27
  1444      30
  1445      24
  1446      35
  1447      22
  1448      38
  1449      30
  1450      33
  1451      37
  1452      31
  1453      41
  1454      27
  1455      36
  1456      42
  1457      41
  1458      41
  1459      44
  1460      50
  1461      28
  1462      38
  1463      34
  1464      38
  1465      38
  1466      31
  1467      33
  1468      30
  1469      35
  1470      37
  1471      31
  1472      36
  1473      44
  1474      31
  1475      34
  1476      38
  1477      41
  1478      43
  1479      44
  1480      44
  1481      44
  1482      32
  1483      36
  1484      38
  1485      26
  1486      37
  1487      30
  1488      37
  1489      49
  1490      33
  1491      31
  1492      39
  1493      27
  1494      28
  1495      44
  1496      43
  1497      33
  1498      36
  1499      37
  1500      33
  1501      43
  1502      29
  1503      29
  1504      57
  1505      48
  1506      33
  1507      30
  1508      32
  1509      25
  1510      33
  1511      36
  1512      41
  1513      42
  1514      31
  1515      41
  1516      36
  1517      32
  1518      32
  1519      39
  1520      44
  1521      39
  1522      26
  1523      37
  1524      46
  1525      37
  1526      39
  1527      34
  1528      29
  1529      32
  1530      41
  1531      43
  1532      41
  1533      42
  1534      34
  1535      36
  1536      38
  1537      48
  1538      32
  1539      28
  1540      35
  1541      41
  1542      34
  1543      38
  1544      36
  1545      38
  1546      27
  1547      40
  1548      38
  1549      36
  1550      31
  1551      30
  1552      42
  1553      39
  1554      43
  1555      27
  1556      27
  1557      39
  1558      43
  1559      35
  1560      39
  1561      37
  1562      47
  1563      27
  1564      30
  1565      37
  1566      40
  1567      36
  1568      43
  1569      34
  1570      30
  1571      40
  1572      38
  1573      33
  1574      42
  1575      37
  1576      28
  1577      35
  1578      36
  1579      28
  1580      23
  1581      44
  1582      33
  1583      29
  1584      28
  1585      28
  1586      36
  1587      23
  1588      35
  1589      35
  1590      38
  1591      27
  1592      28
  1593      36
  1594      38
  1595      31
  1596      40
  1597      37
  1598      33
  1599      24
  1600      26
  1601      28
  1602      32
  1603      40
  1604      29
  1605      37
  1606      22
  1607      39
  1608      36
  1609      40
  1610      27
  1611      32
  1612      29
  1613      32
  1614      30
  1615      38
  1616      28
  1617      30
  1618      40
  1619      36
  1620      34
  1621      38
  1622      30
  1623      37
  1624      27
  1625      29
  1626      38
  1627      34
  1628      30
  1629      34
  1630      37
  1631      32
  1632      37
  1633      42
  1634      38
  1635      40
  1636      35
  1637      34
  1638      36
  1639      38
  1640      38
  1641      30
  1642      32
  1643      23
  1644      30
  1645      31
  1646      41
  1647      42
  1648      30
  1649      42
  1650      30
  1651      37
  1652      37
  1653      33
  1654      33
  1655      39
  1656      39
  1657      40
  1658      29
  1659      34
  1660      39
  1661      25
  1662      36
  1663      33
  1664      37
  1665      38
  1666      45
  1667      33
  1668      32
  1669      36
  1670      37
  1671      32
  1672      45
  1673      44
  1674      34
  1675      33
  1676      29
  1677      31
  1678      36
  1679      45
  1680      32
  1681      26
  1682      48
  1683      41
  1684      43
  1685      34
  1686      33
  1687      35
  1688      46
  1689      40
  1690      31
  1691      38
  1692      35
  1693      43
  1694      24
  1695      36
  1696      45
  1697      29
  1698      34
  1699      44
  1700      26
  1701      44
  1702      39
  1703      44
  1704      40
  1705      39
  1706      25
  1707      40
  1708      31
  1709      37
  1710      35
  1711      33
  1712      37
  1713      33
  1714      47
  1715      41
  1716      49
  1717      33
  1718      33
  1719      28
  1720      38
  1721      28
  1722      35
  1723      27
  1724      32
  1725      39
  1726      46
  1727      42
  1728      36
  1729      38
  1730      39
  1731      36
  1732      31
  1733      34
  1734      35
  1735      24
  1736      25
  1737      47
  1738      39
  1739      38
  1740      28
  1741      44
  1742      35
  1743      30
  1744      36
  1745      37
  1746      36
  1747      38
  1748      31
  1749      36
  1750      41
  1751      40
  1752      32
  1753      28
  1754      30
  1755      34
  1756      33
  1757      24
  1758      30
  1759      29
  1760      37
  1761      39
  1762      40
  1763      38
  1764      29
  1765      27
  1766      44
  1767      37
  1768      41
  1769      35
  1770      37
  1771      36
  1772      36
  1773      41
  1774      40
  1775      30
  1776      45
  1777      30
  1778      45
  1779      32
  1780      42
  1781      36
  1782      35
  1783      27
  1784      40
  1785      43
  1786      44
  1787      33
  1788      29
  1789      28
  1790      32
  1791      32
  1792      39
  1793      41
  1794      29
  1795      43
  1796      39
  1797      31
  1798      42
  1799      31
  1800      33
  1801      29
  1802      29
  1803      39
  1804      27
  1805      29
  1806      29
  1807      45
  1808      28
  1809      25
  1810      40
  1811      35
  1812      41
  1813      36
  1814      31
  1815      31
  1816      29
  1817      34
  1818      30
  1819      36
  1820      38
  1821      35
  1822      39
  1823      36
  1824      35
  1825      37
  1826      45
  1827      44
  1828      30
  1829      24
  1830      26
  1831      29
  1832      34
  1833      29
  1834      34
  1835      44
  1836      26
  1837      37
  1838      26
  1839      35
  1840      26
  1841      29
  1842      38
  1843      30
  1844      24
  1845      28
  1846      30
  1847      43
  1848      31
  1849      33
  1850      42
  1851      29
  1852      22
  1853      24
  1854      29
  1855      32
  1856      29
  1857      33
  1858      27
  1859      35
  1860      21
  1861      25
  1862      37
  1863      33
  1864      42
  1865      24
  1866      30
  1867      40
  1868      36
  1869      32
  1870      37
  1871      32
  1872      31
  1873      37
  1874      25
  1875      33
  1876      32
  1877      33
  1878      27
  1879      41
  1880      30
  1881      36
  1882      25
  1883      29
  1884      26
  1885      37
  1886      32
  1887      33
  1888      32
  1889      45
  1890      30
  1891      33
  1892      26
  1893      31
  1894      21
  1895      31
  1896      39
  1897      35
  1898      32
  1899      23
  1900      21
  1901      29
  1902      27
  1903      23
  1904      37
  1905      34
  1906      22
  1907      31
  1908      39
  1909      25
  1910      28
  1911      21
  1912      39
  1913      30
  1914      43
  1915      38
  1916      29
  1917      27
  1918      23
  1919      34
  1920      25
  1921      38
  1922      36
  1923      23
  1924      23
  1925      26
  1926      33
  1927      26
  1928      31
  1929      25
  1930      39
  1931      40
  1932      32
  1933      30
  1934      35
  1935      26
  1936      40
  1937      35
  1938      37
  1939      30
  1940      29
  1941      26
  1942      39
  1943      34
  1944      34
  1945      31
  1946      31
  1947      34
  1948      37
  1949      24
  1950      28
  1951      30
  1952      24
  1953      28
  1954      29
  1955      29
  1956      32
  1957      34
  1958      31
  1959      32
  1960      33
  1961      26
  1962      29
  1963      32
  1964      34
  1965      23
  1966      30
  1967      29
  1968      42
  1969      32
  1970      34
  1971      31
  1972      31
  1973      26
  1974      34
  1975      36
  1976      20
  1977      30
  1978      28
  1979      34
  1980      29
  1981      31
  1982      25
  1983      29
  1984      33
  1985      22
  1986      23
  1987      22
  1988      31
  1989      28
  1990      31
  1991      30
  1992      35
  1993      27
  1994      27
  1995      25
  1996      31
  1997      32
  1998      25
  1999      21
  2000      34
  2001      22
  2002      29
  2003      38
  2004      30
  2005      27
  2006      26
  2007      25
  2008      25
  2009      34
  2010      35
  2011      24
  2012      26
  2013      24
  2014      30
  2015      26
  2016      39
  2017      29
  2018      41
  2019      29
  2020      22
  2021      29
  2022      27
  2023      31
  2024      39
  2025      22
  2026      31
  2027      24
  2028      26
  2029      35
  2030      33
  2031      22
  2032      33
  2033      29
  2034      32
  2035      19
  2036      24
  2037      28
  2038      22
  2039      25
  2040      22
  2041      25
  2042      16
  2043      23
  2044      27
  2045      23
  2046      34
  2047      31
  2048      22
  2049      40
  2050      19
  2051      32
  2052      20
  2053      23
  2054      43
  2055      32
  2056      26
  2057      19
  2058      23
  2059      37
  2060      35
  2061      28
  2062      42
  2063      25
  2064      31
  2065      29
  2066      25
  2067      25
  2068      26
  2069      17
  2070      32
  2071      33
  2072      19
  2073      21
  2074      23
  2075      22
  2076      30
  2077      29
  2078      37
  2079      25
  2080      35
  2081      25
  2082      31
  2083      29
  2084      26
  2085      31
  2086      28
  2087      31
  2088      32
  2089      20
  2090      33
  2091      37
  2092      22
  2093      27
  2094      27
  2095      27
  2096      33
  2097      31
  2098      15
  2099      33
  2100      32
  2101      25
  2102      22
  2103      26
  2104      33
  2105      24
  2106      34
  2107      27
  2108      25
  2109      28
  2110      22
  2111      46
  2112      31
  2113      37
  2114      33
  2115      28
  2116      31
  2117      20
  2118      23
  2119      22
  2120      32
  2121      36
  2122      29
  2123      41
  2124      38
  2125      22
  2126      30
  2127      27
  2128      24
  2129      23
  2130      23
  2131      31
  2132      28
  2133      17
  2134      33
  2135      30
  2136      25
  2137      17
  2138      28
  2139      20
  2140      21
  2141      25
  2142      34
  2143      20
  2144      31
  2145      26
  2146      28
  2147      23
  2148      36
  2149      33
  2150      37
  2151      29
  2152      28
  2153      27
  2154      28
  2155      21
  2156      30
  2157      24
  2158      35
  2159      29
  2160      36
  2161      27
  2162      25
  2163      19
  2164      27
  2165      25
  2166      23
  2167      19
  2168      33
  2169      25
  2170      21
  2171      21
  2172      33
  2173      25
  2174      24
  2175      28
  2176      20
  2177      28
  2178      44
  2179      37
  2180      26
  2181      30
  2182      31
  2183      31
  2184      35
  2185      29
  2186      30
  2187      17
  2188      29
  2189      26
  2190      31
  2191      33
  2192      22
  2193      33
  2194      17
  2195      30
  2196      24
  2197      26
  2198      24
  2199      34
  2200      33
  2201      20
  2202      33
  2203      20
  2204      24
  2205      21
  2206      22
  2207      27
  2208      21
  2209      28
  2210      21
  2211      26
  2212      24
  2213      19
  2214      16
  2215      19
  2216      29
  2217      21
  2218      29
  2219      27
  2220      27
  2221      33
  2222      20
  2223      28
  2224      30
  2225      23
  2226      23
  2227      32
  2228      36
  2229      19
  2230      34
  2231      29
  2232      26
  2233      21
  2234      22
  2235      21
  2236      41
  2237      36
  2238      36
  2239      22
  2240      20
  2241      21
  2242      26
  2243      24
  2244      24
  2245      19
  2246      23
  2247      34
  2248      25
  2249      26
  2250      22
  2251      32
  2252      30
  2253      19
  2254      22
  2255      28
  2256      25
  2257      17
  2258      20
  2259      27
  2260      26
  2261      36
  2262      26
  2263      24
  2264      25
  2265      39
  2266      26
  2267      29
  2268      27
  2269      24
  2270      36
  2271      23
  2272      26
  2273      25
  2274      34
  2275      35
  2276      30
  2277      31
  2278      15
  2279      23
  2280      28
  2281      17
  2282      22
  2283      24
  2284      31
  2285      27
  2286      28
  2287      22
  2288      24
  2289      25
  2290      17
  2291      18
  2292      19
  2293      24
  2294      23
  2295      29
  2296      30
  2297      26
  2298      17
  2299      41
  2300      14
  2301      30
  2302      15
  2303      25
  2304      24
  2305      36
  2306      26
  2307      21
  2308      26
  2309      24
  2310      24
  2311      20
  2312      35
  2313      24
  2314      30
  2315      24
  2316      20
  2317      24
  2318      32
  2319      30
  2320      19
  2321      33
  2322      37
  2323      27
  2324      26
  2325      21
  2326      28
  2327      25
  2328      31
  2329      13
  2330      34
  2331      34
  2332      18
  2333      21
  2334      33
  2335      28
  2336      21
  2337      20
  2338      17
  2339      33
  2340      32
  2341      20
  2342      22
  2343      28
  2344      19
  2345      24
  2346      24
  2347      32
  2348      28
  2349      28
  2350      30
  2351      26
  2352      32
  2353      21
  2354      26
  2355      16
  2356      31
  2357      25
  2358      27
  2359      25
  2360      26
  2361      22
  2362      24
  2363      26
  2364      31
  2365      27
  2366      25
  2367      18
  2368      22
  2369      25
  2370      33
  2371      25
  2372      32
  2373      21
  2374      24
  2375      26
  2376      23
  2377      14
  2378      28
  2379      24
  2380      25
  2381      30
  2382      34
  2383      24
  2384      22
  2385      31
  2386      24
  2387      19
  2388      17
  2389      34
  2390      27
  2391      24
  2392      25
  2393      32
  2394      29
  2395      15
  2396      19
  2397      32
  2398      29
  2399      21
  2400      33
  2401      15
  2402      26
  2403      26
  2404      36
  2405      24
  2406      19
  2407      21
  2408      30
  2409      15
  2410      19
  2411      29
  2412      20
  2413      14
  2414      25
  2415      25
  2416      26
  2417      33
  2418      23
  2419      21
  2420      21
  2421      27
  2422      22
  2423      24
  2424      23
  2425      32
  2426      23
  2427      21
  2428      21
  2429      25
  2430      19
  2431      26
  2432      36
  2433      22
  2434      34
  2435      32
  2436      26
  2437      35
  2438      26
  2439      25
  2440      20
  2441      20
  2442      30
  2443      19
  2444      28
  2445      25
  2446      21
  2447      24
  2448      23
  2449      27
  2450      19
  2451      22
  2452      24
  2453      32
  2454      33
  2455      27
  2456      26
  2457      18
  2458      29
  2459      34
  2460      22
  2461      24
  2462      28
  2463      26
  2464      16
  2465      19
  2466      23
  2467      24
  2468      20
  2469      28
  2470      20
  2471      17
  2472      24
  2473      22
  2474      25
  2475      26
  2476      17
  2477      22
  2478      17
  2479      34
  2480      14
  2481      21
  2482      25
  2483      20
  2484      21
  2485      30
  2486      18
  2487      24
  2488      15
  2489      24
  2490      30
  2491      23
  2492      30
  2493      19
  2494      20
  2495      24
  2496      24
  2497      29
  2498      18
  2499      22
  2500      40
  2501      22
  2502      24
  2503      23
  2504      17
  2505      25
  2506      19
  2507      25
  2508      26
  2509      18
  2510      25
  2511      32
  2512      16
  2513      20
  2514      27
  2515      31
  2516      14
  2517      19
  2518      24
  2519      21
  2520      25
  2521      20
  2522      18
  2523      20
  2524      26
  2525      32
  2526      32
  2527      22
  2528      22
  2529      21
  2530      23
  2531      19
  2532      23
  2533      23
  2534      23
  2535      14
  2536      33
  2537      20
  2538      28
  2539      19
  2540      22
  2541      30
  2542      26
  2543      15
  2544      18
  2545      27
  2546      19
  2547      30
  2548      19
  2549      24
  2550      22
  2551      27
  2552      19
  2553      28
  2554      18
  2555      20
  2556      24
  2557      26
  2558      22
  2559      23
  2560      19
  2561      25
  2562      27
  2563      20
  2564      28
  2565      19
  2566      34
  2567      23
  2568      24
  2569      33
  2570      26
  2571      22
  2572      25
  2573      28
  2574      26
  2575      26
  2576      32
  2577      20
  2578      27
  2579      13
  2580      31
  2581      23
  2582      25
  2583      23
  2584      14
  2585      23
  2586      27
  2587      20
  2588      24
  2589      21
  2590      34
  2591      26
  2592      27
  2593      14
  2594      16
  2595      28
  2596      27
  2597      23
  2598      24
  2599      32
  2600      20
  2601      20
  2602      21
  2603      14
  2604      25
  2605      21
  2606      24
  2607      23
  2608      27
  2609      19
  2610      20
  2611      29
  2612      27
  2613      19
  2614      25
  2615      26
  2616      21
  2617      22
  2618      21
  2619      21
  2620      25
  2621      16
  2622      31
  2623      26
  2624      21
  2625      27
  2626      20
  2627      20
  2628      23
  2629      26
  2630      19
  2631      23
  2632      20
  2633      20
  2634      29
  2635      30
  2636      24
  2637      21
  2638      28
  2639      24
  2640      20
  2641      23
  2642      24
  2643      17
  2644      22
  2645      26
  2646      23
  2647      26
  2648      26
  2649      22
  2650      17
  2651      28
  2652      27
  2653      23
  2654      28
  2655      24
  2656      24
  2657      26
  2658      23
  2659      25
  2660      25
  2661      22
  2662      26
  2663      13
  2664      22
  2665      24
  2666      21
  2667      17
  2668      21
  2669      31
  2670      30
  2671      22
  2672      26
  2673      11
  2674      25
  2675      19
  2676      24
  2677      16
  2678      24
  2679      25
  2680      31
  2681      31
  2682      25
  2683      12
  2684      20
  2685      27
  2686      29
  2687      30
  2688      26
  2689      19
  2690      31
  2691      19
  2692      23
  2693      27
  2694      21
  2695      25
  2696      20
  2697      25
  2698      21
  2699      25
  2700      26
  2701      27
  2702      27
  2703      25
  2704      20
  2705      21
  2706      16
  2707      33
  2708      15
  2709      21
  2710      31
  2711      24
  2712      15
  2713      19
  2714      29
  2715      24
  2716      30
  2717      27
  2718      20
  2719      17
  2720      17
  2721      25
  2722      23
  2723      20
  2724      27
  2725      23
  2726      28
  2727      25
  2728      25
  2729      22
  2730      28
  2731      23
  2732      27
  2733      22
  2734      17
  2735      25
  2736      19
  2737      19
  2738      26
  2739      20
  2740      27
  2741      31
  2742      26
  2743      26
  2744      26
  2745      24
  2746      27
  2747      16
  2748      25
  2749      19
  2750      24
  2751      22
  2752      24
  2753      29
  2754      29
  2755      25
  2756      25
  2757      36
  2758      21
  2759      23
  2760      25
  2761      22
  2762      16
  2763      22
  2764      25
  2765      16
  2766      19
  2767      27
  2768      19
  2769      26
  2770      23
  2771      19
  2772      30
  2773      24
  2774      17
  2775      18
  2776      25
  2777      29
  2778      22
  2779      23
  2780      18
  2781      29
  2782      15
  2783      20
  2784      25
  2785      29
  2786      36
  2787      24
  2788      31
  2789      23
  2790      26
  2791      29
  2792      26
  2793      25
  2794      28
  2795      22
  2796      24
  2797      13
  2798      25
  2799      24
  2800      19
  2801      25
  2802      22
  2803      19
  2804      17
  2805      42
  2806      18
  2807      23
  2808      38
  2809      24
  2810      32
  2811      23
  2812      17
  2813      28
  2814      21
  2815      23
  2816      19
  2817      33
  2818      23
  2819      27
  2820      30
  2821      18
  2822      19
  2823      18
  2824      24
  2825      21
  2826      20
  2827      29
  2828      27
  2829      27
  2830      32
  2831      28
  2832      23
  2833      21
  2834      30
  2835       8
  2836      23
  2837      23
  2838      15
  2839      32
  2840      33
  2841      34
  2842      23
  2843      20
  2844      26
  2845      30
  2846      24
  2847      26
  2848      23
  2849      23
  2850      17
  2851      27
  2852      17
  2853      28
  2854      23
  2855      18
  2856      16
  2857      26
  2858      25
  2859      28
  2860      21
  2861      25
  2862      23
  2863      23
  2864      21
  2865      21
  2866      25
  2867      25
  2868      23
  2869      15
  2870      20
  2871      29
  2872      17
  2873      22
  2874      26
  2875      28
  2876      33
  2877      22
  2878      26
  2879      23
  2880      15
  2881      19
  2882      23
  2883      16
  2884      18
  2885      10
  2886      17
  2887      26
  2888      23
  2889      14
  2890      18
  2891      26
  2892      20
  2893      29
  2894      30
  2895      27
  2896      25
  2897      23
  2898      25
  2899      22
  2900      19
  2901      15
  2902      21
  2903      17
  2904      22
  2905      22
  2906      23
  2907      20
  2908      25
  2909      18
  2910      18
  2911      17
  2912      30
  2913      30
  2914      31
  2915      19
  2916      21
  2917      29
  2918      24
  2919      19
  2920      21
  2921      23
  2922      24
  2923      17
  2924      27
  2925      28
  2926      20
  2927      23
  2928      15
  2929      30
  2930      16
  2931      37
  2932      20
  2933      28
  2934      23
  2935      16
  2936      15
  2937      21
  2938      24
  2939      33
  2940      23
  2941      27
  2942      34
  2943      22
  2944      26
  2945      22
  2946      17
  2947      16
  2948      39
  2949      27
  2950      26
  2951      29
  2952      28
  2953      25
  2954      28
  2955      23
  2956      41
  2957      22
  2958      22
  2959      26
  2960      21
  2961      26
  2962      21
  2963      21
  2964      22
  2965      18
  2966      12
  2967      27
  2968      29
  2969      21
  2970      24
  2971      25
  2972      20
  2973      26
  2974      14
  2975      22
  2976      32
  2977      16
  2978      22
  2979      30
  2980      27
  2981      27
  2982      21
  2983      25
  2984      29
  2985      31
  2986      23
  2987      16
  2988      24
  2989      26
  2990      25
  2991      22
  2992      22
  2993      30
  2994      19
  2995      22
  2996      22
  2997      17
  2998      29
  2999      25
  3000      29
  3001      32
  3002      19
  3003      22
  3004      24
  3005      25
  3006      18
  3007      29
  3008      22
  3009      22
  3010      25
  3011      15
  3012      28
  3013      16
  3014      29
  3015      22
  3016      25
  3017      33
  3018      26
  3019      21
  3020      22
  3021      25
  3022      27
  3023      11
  3024      19
  3025      11
  3026      24
  3027      23
  3028      22
  3029      19
  3030      28
  3031      23
  3032      21
  3033      20
  3034      17
  3035      23
  3036      26
  3037      19
  3038      21
  3039      13
  3040      16
  3041      24
  3042      35
  3043      23
  3044      30
  3045      22
  3046      18
  3047      19
  3048      20
  3049      16
  3050      17
  3051      26
  3052      24
  3053      25
  3054      27
  3055      22
  3056      19
  3057      16
  3058      26
  3059      17
  3060      22
  3061      23
  3062      23
  3063      28
  3064      17
  3065      26
  3066      29
  3067      25
  3068      18
  3069      28
  3070      22
  3071      18
  3072      24
  3073      23
  3074      24
  3075      31
  3076      23
  3077      19
  3078      29
  3079      28
  3080      19
  3081      20
  3082      28
  3083      28
  3084      20
  3085      17
  3086      23
  3087      18
  3088      29
  3089      28
  3090      22
  3091      17
  3092      16
  3093      26
  3094      22
  3095      20
  3096      20
  3097      17
  3098      25
  3099      27
  3100      28
  3101      22
  3102      20
  3103      24
  3104      23
  3105      33
  3106      28
  3107      24
  3108      24
  3109      27
  3110      24
  3111      25
  3112      27
  3113      25
  3114      29
  3115      24
  3116      23
  3117      21
  3118      22
  3119      19
  3120      28
  3121      20
  3122      19
  3123      26
  3124      17
  3125      16
  3126      20
  3127      24
  3128      24
  3129      24
  3130      17
  3131      23
  3132      27
  3133      29
  3134      16
  3135      26
  3136      22
  3137      30
  3138      20
  3139      28
  3140      24
  3141      19
  3142      25
  3143      28
  3144      25
  3145      25
  3146      36
  3147      24
  3148      19
  3149      28
  3150      32
  3151      24
  3152      32
  3153      23
  3154      18
  3155      11
  3156      24
  3157      30
  3158      20
  3159      29
  3160      24
  3161      24
  3162      20
  3163      36
  3164      16
  3165      21
  3166      28
  3167      28
  3168      24
  3169      19
  3170      21
  3171      17
  3172      34
  3173      31
  3174      25
  3175      22
  3176      19
  3177      23
  3178      27
  3179      21
  3180      18
  3181      18
  3182      22
  3183      36
  3184      18
  3185      21
  3186      19
  3187      31
  3188      29
  3189      19
  3190      22
  3191      24
  3192      29
  3193      21
  3194      24
  3195      20
  3196      25
  3197      27
  3198      24
  3199      29
  3200      25
  3201      23
  3202      34
  3203      17
  3204      22
  3205      30
  3206      26
  3207      20
  3208      28
  3209      19
  3210      14
  3211      43
  3212      17
  3213      20
  3214      28
  3215      21
  3216      24
  3217      29
  3218      40
  3219      23
  3220      21
  3221      22
  3222      16
  3223      26
  3224      22
  3225      19
  3226      23
  3227      20
  3228      24
  3229      37
  3230      24
  3231      15
  3232      35
  3233      22
  3234      22
  3235      23
  3236      23
  3237      25
  3238      19
  3239      33
  3240      14
  3241      24
  3242      20
  3243      29
  3244      15
  3245      23
  3246      23
  3247      28
  3248      18
  3249      25
  3250      35
  3251      24
  3252      35
  3253      25
  3254      29
  3255      31
  3256      21
  3257      31
  3258      31
  3259      19
  3260      32
  3261      27
  3262      22
  3263      29
  3264      19
  3265      23
  3266      25
  3267      25
  3268      25
  3269      25
  3270      33
  3271      25
  3272      26
  3273      20
  3274      20
  3275      16
  3276      28
  3277      17
  3278      24
  3279      29
  3280      30
  3281      21
  3282      22
  3283      30
  3284      21
  3285      30
  3286      31
  3287      20
  3288      34
  3289      26
  3290      22
  3291      27
  3292      26
  3293      23
  3294      26
  3295      18
  3296      22
  3297      22
  3298      28
  3299      23
  3300      23
  3301      23
  3302      26
  3303      30
  3304      19
  3305      19
  3306      16
  3307      25
  3308      30
  3309      33
  3310      19
  3311      32
  3312      26
  3313      24
  3314      22
  3315      19
  3316      20
  3317      21
  3318      24
  3319      28
  3320      16
  3321      33
  3322      25
  3323      28
  3324      26
  3325      24
  3326      25
  3327      26
  3328      26
  3329      26
  3330      28
  3331      21
  3332      33
  3333      29
  3334      29
  3335      23
  3336      24
  3337      24
  3338      24
  3339      26
  3340      27
  3341      24
  3342      22
  3343      29
  3344      32
  3345      33
  3346      23
  3347      30
  3348      22
  3349      23
  3350      24
  3351      25
  3352      35
  3353      34
  3354      27
  3355      25
  3356      29
  3357      28
  3358      21
  3359      21
  3360      19
  3361      21
  3362      17
  3363      23
  3364      18
  3365      26
  3366      24
  3367      21
  3368      26
  3369      22
  3370      21
  3371      25
  3372      21
  3373      30
  3374      26
  3375      24
  3376      21
  3377      25
  3378      34
  3379      27
  3380      24
  3381      18
  3382      24
  3383      27
  3384      33
  3385      18
  3386      27
  3387      40
  3388      28
  3389      24
  3390      28
  3391      27
  3392      20
  3393      30
  3394      30
  3395      22
  3396      24
  3397      17
  3398      23
  3399      27
  3400      27
  3401      21
  3402      26
  3403      27
  3404      30
  3405      30
  3406      25
  3407      31
  3408      24
  3409      42
  3410      30
  3411      22
  3412      28
  3413      18
  3414      25
  3415      32
  3416      25
  3417      19
  3418      27
  3419      22
  3420      21
  3421      32
  3422      26
  3423      34
  3424      23
  3425      28
  3426      24
  3427      21
  3428      28
  3429      28
  3430      30
  3431      23
  3432      23
  3433      21
  3434      35
  3435      31
  3436      24
  3437      30
  3438      28
  3439      30
  3440      27
  3441      16
  3442      21
  3443      17
  3444      35
  3445      22
  3446      27
  3447      21
  3448      22
  3449      27
  3450      29
  3451      23
  3452      37
  3453      43
  3454      24
  3455      28
  3456      26
  3457      28
  3458      19
  3459      33
  3460      26
  3461      29
  3462      34
  3463      26
  3464      28
  3465      38
  3466      18
  3467      30
  3468      39
  3469      24
  3470      15
  3471      30
  3472      29
  3473      29
  3474      33
  3475      22
  3476      34
  3477      21
  3478      23
  3479      20
  3480      28
  3481      26
  3482      19
  3483      35
  3484      23
  3485      27
  3486      35
  3487      22
  3488      25
  3489      19
  3490      25
  3491      30
  3492      27
  3493      31
  3494      23
  3495      26
  3496      23
  3497      27
  3498      34
  3499      24
  3500      20
  3501      23
  3502      18
  3503      18
  3504      29
  3505      34
  3506      21
  3507      28
  3508      25
  3509      31
  3510      20
  3511      29
  3512      30
  3513      24
  3514      25
  3515      24
  3516      28
  3517      34
  3518      27
  3519      35
  3520      24
  3521      24
  3522      25
  3523      23
  3524      18
  3525      28
  3526      23
  3527      32
  3528      22
  3529      25
  3530      36
  3531      28
  3532      32
  3533      36
  3534      34
  3535      28
  3536      24
  3537      26
  3538      31
  3539      29
  3540      30
  3541      29
  3542      29
  3543      25
  3544      26
  3545      26
  3546      38
  3547      28
  3548      25
  3549      31
  3550      30
  3551      25
  3552      23
  3553      25
  3554      33
  3555      27
  3556      25
  3557      23
  3558      23
  3559      25
  3560      33
  3561      32
  3562      33
  3563      26
  3564      24
  3565      25
  3566      34
  3567      31
  3568      29
  3569      31
  3570      30
  3571      30
  3572      31
  3573      30
  3574      27
  3575      33
  3576      24
  3577      18
  3578      30
  3579      25
  3580      25
  3581      22
  3582      27
  3583      27
  3584      26
  3585      32
  3586      28
  3587      22
  3588      32
  3589      32
  3590      37
  3591      29
  3592      37
  3593      26
  3594      26
  3595      28
  3596      29
  3597      31
  3598      28
  3599      27
  3600      29
  3601      29
  3602      26
  3603      27
  3604      27
  3605      22
  3606      33
  3607      29
  3608      31
  3609      29
  3610      30
  3611      35
  3612      35
  3613      30
  3614      29
  3615      33
  3616      29
  3617      28
  3618      35
  3619      38
  3620      29
  3621      40
  3622      28
  3623      32
  3624      36
  3625      27
  3626      31
  3627      30
  3628      30
  3629      30
  3630      30
  3631      35
  3632      27
  3633      25
  3634      36
  3635      29
  3636      27
  3637      25
  3638      21
  3639      37
  3640      27
  3641      28
  3642      35
  3643      27
  3644      27
  3645      31
  3646      37
  3647      26
  3648      30
  3649      27
  3650      31
  3651      26
  3652      36
  3653      28
  3654      25
  3655      34
  3656      39
  3657      29
  3658      32
  3659      35
  3660      27
  3661      26
  3662      24
  3663      40
  3664      34
  3665      32
  3666      22
  3667      33
  3668      30
  3669      35
  3670      44
  3671      29
  3672      22
  3673      18
  3674      28
  3675      27
  3676      23
  3677      23
  3678      34
  3679      33
  3680      26
  3681      41
  3682      28
  3683      30
  3684      36
  3685      30
  3686      34
  3687      33
  3688      26
  3689      34
  3690      23
  3691      38
  3692      31
  3693      21
  3694      32
  3695      34
  3696      23
  3697      28
  3698      31
  3699      34
  3700      34
  3701      24
  3702      21
  3703      35
  3704      25
  3705      23
  3706      32
  3707      29
  3708      29
  3709      37
  3710      25
  3711      34
  3712      31
  3713      33
  3714      30
  3715      20
  3716      35
  3717      36
  3718      32
  3719      30
  3720      26
  3721      25
  3722      42
  3723      29
  3724      25
  3725      29
  3726      30
  3727      32
  3728      31
  3729      26
  3730      29
  3731      26
  3732      21
  3733      28
  3734      32
  3735      32
  3736      37
  3737      27
  3738      26
  3739      24
  3740      29
  3741      37
  3742      26
  3743      20
  3744      26
  3745      22
  3746      26
  3747      30
  3748      16
  3749      30
  3750      19
  3751      23
  3752      23
  3753      20
  3754      24
  3755      25
  3756      32
  3757      34
  3758      28
  3759      27
  3760      31
  3761      32
  3762      26
  3763      16
  3764      23
  3765      21
  3766      13
  3767      22
  3768      19
  3769      30
  3770      17
  3771      21
  3772      22
  3773      22
  3774      25
  3775      27
  3776      21
  3777      26
  3778      27
  3779      27
  3780      19
  3781      31
  3782      24
  3783      20
  3784      27
  3785      24
  3786      20
  3787      33
  3788      27
  3789      24
  3790      21
  3791      17
  3792      16
  3793      15
  3794      25
  3795      12
  3796      23
  3797      17
  3798      23
  3799      25
  3800      19
  3801      10
  3802      27
  3803      24
  3804      17
  3805      18
  3806      29
  3807      20
  3808      30
  3809      19
  3810      28
  3811      16
  3812      20
  3813      30
  3814      18
  3815      25
  3816      26
  3817      27
  3818      16
  3819      17
  3820      22
  3821      18
  3822      19
  3823      19
  3824      19
  3825      30
  3826      17
  3827      19
  3828      22
  3829      24
  3830      20
  3831      23
  3832      16
  3833      10
  3834      24
  3835      23
  3836      18
  3837      16
  3838      23
  3839      23
  3840      23
  3841      22
  3842      16
  3843      22
  3844      16
  3845      15
  3846      17
  3847      16
  3848      19
  3849      26
  3850      15
  3851      16
  3852      21
  3853      18
  3854      24
  3855      25
  3856      20
  3857      22
  3858      18
  3859      21
  3860      18
  3861      21
  3862      20
  3863      19
  3864      25
  3865      26
  3866      22
  3867      12
  3868      22
  3869      23
  3870      21
  3871      18
  3872      20
  3873      20
  3874      18
  3875      17
  3876      18
  3877      11
  3878      17
  3879      20
  3880      16
  3881      11
  3882      25
  3883      23
  3884      18
  3885      18
  3886      23
  3887      11
  3888      27
  3889      21
  3890      27
  3891      22
  3892      25
  3893      27
  3894      20
  3895      27
  3896      15
  3897      13
  3898      14
  3899      13
  3900      15
  3901      30
  3902      21
  3903      23
  3904      18
  3905      12
  3906      20
  3907      18
  3908      25
  3909      28
  3910      14
  3911      19
  3912      23
  3913      23
  3914      23
  3915      15
  3916      20
  3917      19
  3918      18
  3919      13
  3920      17
  3921      21
  3922      22
  3923      12
  3924      11
  3925      23
  3926      18
  3927      16
  3928      14
  3929      13
  3930      14
  3931      17
  3932      19
  3933      12
  3934      26
  3935      20
  3936      21
  3937      14
  3938      14
  3939      14
  3940      19
  3941      18
  3942      14
  3943      17
  3944      22
  3945      13
  3946      21
  3947      22
  3948      20
  3949      18
  3950      23
  3951      13
  3952      25
  3953      20
  3954      20
  3955      14
  3956      18
  3957      18
  3958      14
  3959      17
  3960      18
  3961      18
  3962      23
  3963      14
  3964      18
  3965      21
  3966      14
  3967      15
  3968      15
  3969      18
  3970      19
  3971      15
  3972      15
  3973      22
  3974      27
  3975      20
  3976      12
  3977      24
  3978      22
  3979      15
  3980      20
  3981      17
  3982      17
  3983      25
  3984      15
  3985      13
  3986      14
  3987      13
  3988      20
  3989      25
  3990      17
  3991      22
  3992      19
  3993      15
  3994      17
  3995      11
  3996      21
  3997      23
  3998      25
  3999      18
  4000      17
  4001      20
  4002      20
  4003      21
  4004      19
  4005      29
  4006      18
  4007      23
  4008      29
  4009      21
  4010      19
  4011      28
  4012      25
  4013      19
  4014      23
  4015      14
  4016      19
  4017      15
  4018      22
  4019      15
  4020      22
  4021      26
  4022      12
  4023      16
  4024       9
  4025      25
  4026      16
  4027      17
  4028      15
  4029      18
  4030      13
  4031      12
  4032      13
  4033      18
  4034      16
  4035      10
  4036      23
  4037      13
  4038      25
  4039      21
  4040      13
  4041      14
  4042      16
  4043      12
  4044      18
  4045      23
  4046      22
  4047      13
  4048      16
  4049      16
  4050      15
  4051      18
  4052      23
  4053      21
  4054      18
  4055      22
  4056      20
  4057      17
  4058      18
  4059      16
  4060      21
  4061      19
  4062       9
  4063      21
  4064      22
  4065      18
  4066      21
  4067      18
  4068      12
  4069      18
  4070      11
  4071      22
  4072      21
  4073      10
  4074      23
  4075       9
  4076      21
  4077      16
  4078      24
  4079      20
  4080      17
  4081      12
  4082      12
  4083      14
  4084      13
  4085      15
  4086      22
  4087      19
  4088      16
  4089      13
  4090      11
  4091      10
  4092      22
  4093      10
  4094      16
  4095      14
  4096      20
  4097      19
  4098      20
  4099      11
  4100      11
  4101      14
  4102      19
  4103      16
  4104      14
  4105      16
  4106      20
  4107      15
  4108      12
  4109      15
  4110      17
  4111      23
  4112      21
  4113      15
  4114      19
  4115      23
  4116      19
  4117      14
  4118      11
  4119      10
  4120      11
  4121      22
  4122      16
  4123      13
  4124      13
  4125      15
  4126      15
  4127      21
  4128      13
  4129      10
  4130      26
  4131      19
  4132      16
  4133      11
  4134      14
  4135      16
  4136      15
  4137      13
  4138      17
  4139      19
  4140      17
  4141      16
  4142      19
  4143      15
  4144      21
  4145      14
  4146       7
  4147      16
  4148      17
  4149      12
  4150      23
  4151      22
  4152      11
  4153      17
  4154      16
  4155      12
  4156      17
  4157      16
  4158      22
  4159      16
  4160      18
  4161      13
  4162      11
  4163      17
  4164      13
  4165      14
  4166      19
  4167      17
  4168      20
  4169      12
  4170      12
  4171       8
  4172      10
  4173      12
  4174      13
  4175      19
  4176      21
  4177      12
  4178      13
  4179      12
  4180      13
  4181       9
  4182      11
  4183      14
  4184      17
  4185      14
  4186      13
  4187      15
  4188      10
  4189      19
  4190      20
  4191      15
  4192      21
  4193      21
  4194      14
  4195      11
  4196      13
  4197      10
  4198      10
  4199      13
  4200      17
  4201      12
  4202      23
  4203      13
  4204      12
  4205      19
  4206      14
  4207      16
  4208      12
  4209      12
  4210      17
  4211      17
  4212      16
  4213      16
  4214      20
  4215      18
  4216      21
  4217       9
  4218      12
  4219      13
  4220      17
  4221      11
  4222      13
  4223      11
  4224      12
  4225      11
  4226      26
  4227      25
  4228      16
  4229      20
  4230      15
  4231      15
  4232      13
  4233      10
  4234      13
  4235      13
  4236      16
  4237      14
  4238      11
  4239      21
  4240      22
  4241      16
  4242      16
  4243      17
  4244      11
  4245      18
  4246      11
  4247      15
  4248      15
  4249      13
  4250      13
  4251      12
  4252      11
  4253      15
  4254      18
  4255      20
  4256      13
  4257      15
  4258       8
  4259      18
  4260      19
  4261      16
  4262      12
  4263       9
  4264       7
  4265       9
  4266      13
  4267      11
  4268      14
  4269      11
  4270      13
  4271      11
  4272      14
  4273      13
  4274      17
  4275       9
  4276      15
  4277      14
  4278      25
  4279      14
  4280      14
  4281      10
  4282      13
  4283      13
  4284       9
  4285      15
  4286      14
  4287      17
  4288       9
  4289      12
  4290      13
  4291      13
  4292      12
  4293      18
  4294      20
  4295      12
  4296      11
  4297      16
  4298      15
  4299      18
  4300      16
  4301      16
  4302      12
  4303      17
  4304      10
  4305      23
  4306      16
  4307       9
  4308      13
  4309       8
  4310      17
  4311      11
  4312      13
  4313      13
  4314      18
  4315      15
  4316      16
  4317      16
  4318      17
  4319      16
  4320      10
  4321      14
  4322      18
  4323      22
  4324      15
  4325      17
  4326      10
  4327      13
  4328      22
  4329      13
  4330      15
  4331      18
  4332      10
  4333      10
  4334      16
  4335      11
  4336       9
  4337      17
  4338      13
  4339      12
  4340      13
  4341      15
  4342      14
  4343      14
  4344      11
  4345      14
  4346      14
  4347      12
  4348      12
  4349      14
  4350       9
  4351       9
  4352      10
  4353      12
  4354      11
  4355       9
  4356      13
  4357      16
  4358       9
  4359       5
  4360       8
  4361      17
  4362      12
  4363       9
  4364      11
  4365       8
  4366      14
  4367      19
  4368      11
  4369      15
  4370      10
  4371      14
  4372      10
  4373      16
  4374      22
  4375       8
  4376       9
  4377      13
  4378      14
  4379      16
  4380      13
  4381       9
  4382      13
  4383       8
  4384      20
  4385      11
  4386      13
  4387       9
  4388      13
  4389       9
  4390      16
  4391      15
  4392      13
  4393       8
  4394      13
  4395      10
  4396      14
  4397      13
  4398      18
  4399       9
  4400      12
  4401       8
  4402      12
  4403      14
  4404       6
  4405      10
  4406      14
  4407      18
  4408      12
  4409      14
  4410      14
  4411      16
  4412      14
  4413       9
  4414      15
  4415      13
  4416      10
  4417      12
  4418      12
  4419      11
  4420       6
  4421      12
  4422      13
  4423      12
  4424      12
  4425      16
  4426      13
  4427      12
  4428       4
  4429      10
  4430      10
  4431      14
  4432      13
  4433      13
  4434      16
  4435      15
  4436      15
  4437      16
  4438      10
  4439      14
  4440      15
  4441      11
  4442      17
  4443       6
  4444       8
  4445      19
  4446      11
  4447      16
  4448      11
  4449      16
  4450      13
  4451      11
  4452      15
  4453      24
  4454      11
  4455      13
  4456      13
  4457       8
  4458       9
  4459      13
  4460      12
  4461      10
  4462       9
  4463      13
  4464      14
  4465       9
  4466      15
  4467      13
  4468      24
  4469      25
  4470       9
  4471      11
  4472      15
  4473       9
  4474      15
  4475       7
  4476      11
  4477      12
  4478      10
  4479      14
  4480      11
  4481      12
  4482      13
  4483      11
  4484       9
  4485      11
  4486       9
  4487      17
  4488      17
  4489      14
  4490      16
  4491       7
  4492      15
  4493      16
  4494      14
  4495      15
  4496       8
  4497       7
  4498      11
  4499       9
  4500      15
  4501       9
  4502       8
  4503       9
  4504      13
  4505      11
  4506      15
  4507      10
  4508       8
  4509      21
  4510      12
  4511      11
  4512      11
  4513       9
  4514      16
  4515      14
  4516      16
  4517      12
  4518       5
  4519      25
  4520      12
  4521      10
  4522      10
  4523      17
  4524      16
  4525      13
  4526      11
  4527      12
  4528       8
  4529      19
  4530       8
  4531      10
  4532      12
  4533      14
  4534      17
  4535       9
  4536      12
  4537       9
  4538      14
  4539      18
  4540      20
  4541      12
  4542      11
  4543      12
  4544      11
  4545      13
  4546      15
  4547      17
  4548      17
  4549      14
  4550      12
  4551      22
  4552      19
  4553      14
  4554      10
  4555      10
  4556      18
  4557      12
  4558      12
  4559      17
  4560       8
  4561      15
  4562      12
  4563      11
  4564      17
  4565      16
  4566       8
  4567      15
  4568      20
  4569      14
  4570       8
  4571      20
  4572      18
  4573      17
  4574      13
  4575      10
  4576      15
  4577      10
  4578      22
  4579      11
  4580      15
  4581       7
  4582       8
  4583       7
  4584      12
  4585      11
  4586       9
  4587      15
  4588       9
  4589      15
  4590      14
  4591      14
  4592      17
  4593      10
  4594      15
  4595      13
  4596      14
  4597      13
  4598      14
  4599      11
  4600      11
  4601      10
  4602      14
  4603      14
  4604      15
  4605      10
  4606      11
  4607      11
  4608      11
  4609       9
  4610      12
  4611      13
  4612      13
  4613      13
  4614       8
  4615      11
  4616      11
  4617      11
  4618      12
  4619       9
  4620      19
  4621      17
  4622       9
  4623      13
  4624      12
  4625      18
  4626      16
  4627       8
  4628      13
  4629       9
  4630      14
  4631       8
  4632      12
  4633      13
  4634      13
  4635      14
  4636      10
  4637      14
  4638      12
  4639      15
  4640      11
  4641      14
  4642      12
  4643       7
  4644      13
  4645      10
  4646       8
  4647      12
  4648      11
  4649      18
  4650      11
  4651      12
  4652      13
  4653      14
  4654      15
  4655      11
  4656      15
  4657      22
  4658      17
  4659      14
  4660      13
  4661      10
  4662      11
  4663       6
  4664      15
  4665      12
  4666      12
  4667      19
  4668      15
  4669      12
  4670      16
  4671      12
  4672      17
  4673      12
  4674      10
  4675      14
  4676      14
  4677      14
  4678       8
  4679      12
  4680       9
  4681      12
  4682      11
  4683      11
  4684      13
  4685      13
  4686       6
  4687      18
  4688      10
  4689       9
  4690      14
  4691      14
  4692      10
  4693      15
  4694       8
  4695      16
  4696      15
  4697      12
  4698      11
  4699       9
  4700      11
  4701       9
  4702      10
  4703      16
  4704       9
  4705      12
  4706      13
  4707      12
  4708       9
  4709      13
  4710      12
  4711      15
  4712      12
  4713       9
  4714      11
  4715      14
  4716      11
  4717      15
  4718      13
  4719      11
  4720      11
  4721       7
  4722      13
  4723      11
  4724      12
  4725      16
  4726      13
  4727      12
  4728       7
  4729      12
  4730      12
  4731      15
  4732      13
  4733      11
  4734      15
  4735      15
  4736      11
  4737      16
  4738      18
  4739      17
  4740       9
  4741      18
  4742       7
  4743      15
  4744      11
  4745      11
  4746      11
  4747      18
  4748       9
  4749      10
  4750      15
  4751       8
  4752      13
  4753       9
  4754      12
  4755      11
  4756      21
  4757      15
  4758      13
  4759      14
  4760      10
  4761       9
  4762      12
  4763       8
  4764      12
  4765      15
  4766      16
  4767       9
  4768       9
  4769       8
  4770      12
  4771      19
  4772      12
  4773      11
  4774      16
  4775      11
  4776      16
  4777      11
  4778      17
  4779      19
  4780      13
  4781       8
  4782       8
  4783      13
  4784      10
  4785      18
  4786      15
  4787      12
  4788      18
  4789      12
  4790      13
  4791      14
  4792      12
  4793      12
  4794       7
  4795      15
  4796       7
  4797      11
  4798       9
  4799       9
  4800       6
  4801      11
  4802      13
  4803      17
  4804       8
  4805       8
  4806       8
  4807       7
  4808      10
  4809       7
  4810      16
  4811       7
  4812       9
  4813      14
  4814      14
  4815      14
  4816      13
  4817      19
  4818      15
  4819      12
  4820       8
  4821       9
  4822      11
  4823       8
  4824       7
  4825      12
  4826      14
  4827      16
  4828       7
  4829      10
  4830      11
  4831      11
  4832      15
  4833      13
  4834      10
  4835      10
  4836      10
  4837      12
  4838      16
  4839      15
  4840      12
  4841      15
  4842      10
  4843       9
  4844       8
  4845      14
  4846      11
  4847       8
  4848      14
  4849      18
  4850      10
  4851      10
  4852      10
  4853      15
  4854      11
  4855      12
  4856      15
  4857      12
  4858      10
  4859       7
  4860      14
  4861      16
  4862       7
  4863      12
  4864       8
  4865       7
  4866      10
  4867      15
  4868      13
  4869       8
  4870      10
  4871       7
  4872      10
  4873      14
  4874       5
  4875      15
  4876      12
  4877      11
  4878      11
  4879       9
  4880       9
  4881      12
  4882      14
  4883       8
  4884      11
  4885      18
  4886       7
  4887       7
  4888      18
  4889      17
  4890      10
  4891      12
  4892      10
  4893      10
  4894      12
  4895      14
  4896      10
  4897      12
  4898      11
  4899       9
  4900      13
  4901      13
  4902      15
  4903      18
  4904       6
  4905       8
  4906      14
  4907      11
  4908      14
  4909      11
  4910      11
  4911      15
  4912       9
  4913       8
  4914      11
  4915      13
  4916      12
  4917      10
  4918      11
  4919      14
  4920       7
  4921      16
  4922      11
  4923      10
  4924      18
  4925      19
  4926      14
  4927      14
  4928       5
  4929      13
  4930      20
  4931       9
  4932      10
  4933      16
  4934      11
  4935      11
  4936       8
  4937      14
  4938       9
  4939      15
  4940      14
  4941      11
  4942      11
  4943      14
  4944      11
  4945      13
  4946      14
  4947      13
  4948      20
  4949      10
  4950      14
  4951      13
  4952       9
  4953       9
  4954      16
  4955      11
  4956       5
  4957       7
  4958      13
  4959      17
  4960       8
  4961      15
  4962       9
  4963      10
  4964       8
  4965      18
  4966      14
  4967      15
  4968      17
  4969      12
  4970       7
  4971      12
  4972       7
  4973      13
  4974      12
  4975      12
  4976       8
  4977      16
  4978      15
  4979      17
  4980       8
  4981      10
  4982      13
  4983       5
  4984       9
  4985      10
  4986      12
  4987       7
  4988      16
  4989       7
  4990      12
  4991      17
  4992      15
  4993      15
  4994      11
  4995      15
  4996      16
  4997      13
  4998      11
  4999       8
  5000       9
  5001      15
  5002       6
  5003       9
  5004      12
  5005       6
  5006       8
  5007      11
  5008      12
  5009      13
  5010      15
  5011      12
  5012      10
  5013      15
  5014      13
  5015      17
  5016      11
  5017       7
  5018      16
  5019      16
  5020      13
  5021      12
  5022       8
  5023      12
  5024      16
  5025      10
  5026      11
  5027      14
  5028      11
  5029      11
  5030      18
  5031       6
  5032      15
  5033       9
  5034       8
  5035       9
  5036       8
  5037       8
  5038      11
  5039       9
  5040      12
  5041       6
  5042      13
  5043      13
  5044      11
  5045       6
  5046      12
  5047      10
  5048      15
  5049       8
  5050      15
  5051      15
  5052       7
  5053       7
  5054      14
  5055      13
  5056      14
  5057      10
  5058      12
  5059      11
  5060       8
  5061       8
  5062       6
  5063       9
  5064       8
  5065      11
  5066      13
  5067      16
  5068      13
  5069      13
  5070      13
  5071      10
  5072      16
  5073      15
  5074      11
  5075       8
  5076       9
  5077       9
  5078      12
  5079      10
  5080      10
  5081      10
  5082      15
  5083      12
  5084      13
  5085      17
  5086      12
  5087       7
  5088       5
  5089       9
  5090      12
  5091      11
  5092       5
  5093      14
  5094       9
  5095       6
  5096       5
  5097      13
  5098      12
  5099      12
  5100      14
  5101      12
  5102       8
  5103      10
  5104      12
  5105       7
  5106       7
  5107       9
  5108      10
  5109      13
  5110      12
  5111       3
  5112      11
  5113      14
  5114      10
  5115      10
  5116       8
  5117      12
  5118      13
  5119      11
  5120       1
  5121       9
  5122       8
  5123      12
  5124      11
  5125      13
  5126       8
  5127      16
  5128      11
  5129      12
  5130       8
  5131      11
  5132      11
  5133      11
  5134      12
  5135      24
  5136       8
  5137       8
  5138       8
  5139      10
  5140       8
  5141       4
  5142       6
  5143       8
  5144      11
  5145      14
  5146       7
  5147      17
  5148      18
  5149      15
  5150       8
  5151      12
  5152      12
  5153      10
  5154      14
  5155      10
  5156      13
  5157      10
  5158      13
  5159      15
  5160      15
  5161       6
  5162      11
  5163      11
  5164      10
  5165       9
  5166      14
  5167       9
  5168      13
  5169       6
  5170      12
  5171      16
  5172      10
  5173      13
  5174      21
  5175      27
  5176      35
  5177      59
  5178     101
  5179     156
  5180     215
  5181     384
  5182     549
  5183     693
  5184     987
  5185    1236
  5186    1468
  5187    1684
  5188    1871
  5189    1878
  5190    1780
  5191    1676
  5192    1485
  5193    1206
  5194     987
  5195     691
  5196     474
  5197     352
  5198     217
  5199     136
  5200      96
  5201      41
  5202      33
  5203      26
  5204      11
  5205      12
  5206       4
  5207       9
  5208       9
  5209       9
  5210       6
  5211       5
  5212       7
  5213       6
  5214      12
  5215      11
  5216      13
  5217      13
  5218       5
  5219       0
  5220       7
  5221       8
  5222      14
  5223      10
  5224       8
  5225      12
  5226      16
  5227      13
  5228      12
  5229      10
  5230      11
  5231       9
  5232      12
  5233       9
  5234       6
  5235       8
  5236       9
  5237       7
  5238       4
  5239      10
  5240      10
  5241       5
  5242       8
  5243      11
  5244       4
  5245      18
  5246       9
  5247      13
  5248      11
  5249       8
  5250      10
  5251      13
  5252      15
  5253       7
  5254      13
  5255      15
  5256       3
  5257      11
  5258      10
  5259      11
  5260       9
  5261       8
  5262       6
  5263       8
  5264       8
  5265      13
  5266      10
  5267       8
  5268       7
  5269      12
  5270       6
  5271      12
  5272       8
  5273      13
  5274      11
  5275       8
  5276       9
  5277       7
  5278       9
  5279      11
  5280       9
  5281       7
  5282      10
  5283      10
  5284       7
  5285      13
  5286      11
  5287       4
  5288      12
  5289      12
  5290       8
  5291      12
  5292       9
  5293       9
  5294       9
  5295      12
  5296      14
  5297      10
  5298       9
  5299      10
  5300       6
  5301       9
  5302       4
  5303      10
  5304       2
  5305       9
  5306       9
  5307       5
  5308      13
  5309      12
  5310       8
  5311       8
  5312       7
  5313       8
  5314      17
  5315       7
  5316       9
  5317       6
  5318       1
  5319       9
  5320      12
  5321       9
  5322       9
  5323      13
  5324       8
  5325      15
  5326       8
  5327       8
  5328      10
  5329       5
  5330      11
  5331      11
  5332      10
  5333      12
  5334      11
  5335       3
  5336       9
  5337      13
  5338      12
  5339      10
  5340      11
  5341       9
  5342      13
  5343       6
  5344      11
  5345       6
  5346      10
  5347       9
  5348       5
  5349       7
  5350       9
  5351      10
  5352      11
  5353       7
  5354       7
  5355      11
  5356      10
  5357       9
  5358      11
  5359       6
  5360      12
  5361       9
  5362       7
  5363      10
  5364      11
  5365      11
  5366       8
  5367       1
  5368       6
  5369       8
  5370      10
  5371      11
  5372       9
  5373       8
  5374       8
  5375       5
  5376      12
  5377      12
  5378       5
  5379       7
  5380       9
  5381      11
  5382       9
  5383      10
  5384      12
  5385      14
  5386      12
  5387      11
  5388      19
  5389       4
  5390      14
  5391      11
  5392      11
  5393      12
  5394       7
  5395      12
  5396       9
  5397      12
  5398      11
  5399      10
  5400       8
  5401      13
  5402       5
  5403      14
  5404       5
  5405       8
  5406       9
  5407      10
  5408       8
  5409      12
  5410       6
  5411       6
  5412       7
  5413      10
  5414       7
  5415       8
  5416       8
  5417      11
  5418       9
  5419       4
  5420      13
  5421       8
  5422       4
  5423       9
  5424      12
  5425       8
  5426      13
  5427      11
  5428       6
  5429      10
  5430      14
  5431       9
  5432      17
  5433       5
  5434      13
  5435      12
  5436       8
  5437       8
  5438       6
  5439       9
  5440       8
  5441       8
  5442       7
  5443      11
  5444      11
  5445       9
  5446       7
  5447       7
  5448       6
  5449       4
  5450       9
  5451      10
  5452      13
  5453       9
  5454       6
  5455       4
  5456      12
  5457      14
  5458      10
  5459      10
  5460      15
  5461       6
  5462       9
  5463       7
  5464       8
  5465       6
  5466       3
  5467       7
  5468      12
  5469      11
  5470       7
  5471       9
  5472       9
  5473       7
  5474      10
  5475       6
  5476      14
  5477      12
  5478       2
  5479       8
  5480       9
  5481      10
  5482       6
  5483       7
  5484      13
  5485      12
  5486       3
  5487      14
  5488       9
  5489       7
  5490       9
  5491       7
  5492       6
  5493      10
  5494       8
  5495      11
  5496       6
  5497       4
  5498       6
  5499       3
  5500       4
  5501       6
  5502      10
  5503      11
  5504       9
  5505       9
  5506       3
  5507      12
  5508      10
  5509      10
  5510      11
  5511      10
  5512      11
  5513       7
  5514      12
  5515      13
  5516      13
  5517       5
  5518      11
  5519       7
  5520       8
  5521       8
  5522       5
  5523      15
  5524       6
  5525      14
  5526       7
  5527       8
  5528       6
  5529       6
  5530       9
  5531       9
  5532      14
  5533       5
  5534      16
  5535      11
  5536      10
  5537      15
  5538       4
  5539       6
  5540      12
  5541      11
  5542       5
  5543      10
  5544      10
  5545       8
  5546       9
  5547      12
  5548      10
  5549       8
  5550       7
  5551      14
  5552       9
  5553      10
  5554      13
  5555       9
  5556       7
  5557      12
  5558       6
  5559       8
  5560      14
  5561       8
  5562      17
  5563       6
  5564      13
  5565       9
  5566       6
  5567       3
  5568      11
  5569       6
  5570      13
  5571      10
  5572      10
  5573       6
  5574       9
  5575      10
  5576      10
  5577      15
  5578      10
  5579      11
  5580      15
  5581      19
  5582       8
  5583       3
  5584       7
  5585      14
  5586      12
  5587       4
  5588       8
  5589       5
  5590      12
  5591       5
  5592      13
  5593      12
  5594       7
  5595      19
  5596       8
  5597      11
  5598       8
  5599       9
  5600       9
  5601       6
  5602      12
  5603       7
  5604      12
  5605       7
  5606      10
  5607      13
  5608       7
  5609       9
  5610      12
  5611      13
  5612       5
  5613       7
  5614       3
  5615       8
  5616       6
  5617      10
  5618       7
  5619       7
  5620      11
  5621       8
  5622       8
  5623      12
  5624      10
  5625      16
  5626      11
  5627       7
  5628      18
  5629      13
  5630      16
  5631       6
  5632      14
  5633       4
  5634       6
  5635      10
  5636       3
  5637      10
  5638       9
  5639      12
  5640       8
  5641      10
  5642       5
  5643       7
  5644       3
  5645      12
  5646       8
  5647      14
  5648      11
  5649       8
  5650       6
  5651       9
  5652      10
  5653       4
  5654      16
  5655      13
  5656       8
  5657       9
  5658      11
  5659       9
  5660       7
  5661       9
  5662      10
  5663      12
  5664       7
  5665      12
  5666       7
  5667      12
  5668      13
  5669      10
  5670       7
  5671      12
  5672      12
  5673       8
  5674       8
  5675       7
  5676       5
  5677       6
  5678      14
  5679       9
  5680       4
  5681      11
  5682      14
  5683       9
  5684      10
  5685      15
  5686       6
  5687       7
  5688       9
  5689      12
  5690      12
  5691       8
  5692       5
  5693       7
  5694      14
  5695       9
  5696       9
  5697      18
  5698      10
  5699       8
  5700      11
  5701       5
  5702       9
  5703       4
  5704       7
  5705       8
  5706       5
  5707       4
  5708      10
  5709      12
  5710      11
  5711       9
  5712      10
  5713      11
  5714       6
  5715      11
  5716       6
  5717       7
  5718       9
  5719      10
  5720       4
  5721       6
  5722      13
  5723       6
  5724       4
  5725      14
  5726      13
  5727      12
  5728       6
  5729      13
  5730       7
  5731      13
  5732      12
  5733      10
  5734      10
  5735       8
  5736       7
  5737      10
  5738      11
  5739       6
  5740       7
  5741       5
  5742      11
  5743       6
  5744       8
  5745       7
  5746      11
  5747       9
  5748       7
  5749       5
  5750       8
  5751      12
  5752       4
  5753      13
  5754      12
  5755       6
  5756      15
  5757      10
  5758       9
  5759       8
  5760      10
  5761       5
  5762      12
  5763       6
  5764      10
  5765       8
  5766       7
  5767       8
  5768       5
  5769      14
  5770       6
  5771       5
  5772       8
  5773       7
  5774      12
  5775       9
  5776      12
  5777       6
  5778       4
  5779       7
  5780       9
  5781      13
  5782      13
  5783       6
  5784       9
  5785       7
  5786       8
  5787       7
  5788       7
  5789      12
  5790      10
  5791       4
  5792       4
  5793       5
  5794       9
  5795       5
  5796       8
  5797      16
  5798       7
  5799       9
  5800       9
  5801       9
  5802       9
  5803      10
  5804       4
  5805      14
  5806       8
  5807       4
  5808      15
  5809      12
  5810       7
  5811       9
  5812       9
  5813       9
  5814      12
  5815      10
  5816      11
  5817       9
  5818       8
  5819       8
  5820      10
  5821       8
  5822      12
  5823      10
  5824       6
  5825      11
  5826       7
  5827       9
  5828      13
  5829      12
  5830       9
  5831      13
  5832      15
  5833      12
  5834       8
  5835       8
  5836       6
  5837       7
  5838       7
  5839       2
  5840      15
  5841       6
  5842       3
  5843       6
  5844       7
  5845       8
  5846      13
  5847      13
  5848       6
  5849       8
  5850       7
  5851       5
  5852       8
  5853      10
  5854       9
  5855       9
  5856      12
  5857      15
  5858       4
  5859       6
  5860      11
  5861       9
  5862      17
  5863       7
  5864       6
  5865       5
  5866       6
  5867       6
  5868       6
  5869       2
  5870      13
  5871       4
  5872       7
  5873       8
  5874       9
  5875      10
  5876      13
  5877       8
  5878      10
  5879       9
  5880       9
  5881       6
  5882       9
  5883      11
  5884      10
  5885       5
  5886      12
  5887       7
  5888       6
  5889      11
  5890      10
  5891       9
  5892       6
  5893       5
  5894       3
  5895      10
  5896       6
  5897      13
  5898       9
  5899      12
  5900       9
  5901      11
  5902      12
  5903      12
  5904       7
  5905       7
  5906      12
  5907      11
  5908       5
  5909       7
  5910      12
  5911       7
  5912       9
  5913       8
  5914       7
  5915      15
  5916       4
  5917       7
  5918       7
  5919      11
  5920       8
  5921      10
  5922       4
  5923       8
  5924       8
  5925      10
  5926      10
  5927       9
  5928       7
  5929      10
  5930      15
  5931      10
  5932      10
  5933      10
  5934      14
  5935      10
  5936       5
  5937      10
  5938      12
  5939       5
  5940       5
  5941      10
  5942       6
  5943       5
  5944       9
  5945       7
  5946       6
  5947       2
  5948       9
  5949      11
  5950       7
  5951      11
  5952       7
  5953       4
  5954      11
  5955       9
  5956       8
  5957       9
  5958      10
  5959      14
  5960       8
  5961       8
  5962       3
  5963       6
  5964       7
  5965       5
  5966      11
  5967      15
  5968       8
  5969       8
  5970       9
  5971       7
  5972      15
  5973       8
  5974      12
  5975      13
  5976      11
  5977      12
  5978       6
  5979       9
  5980       8
  5981       8
  5982       7
  5983      10
  5984       9
  5985       7
  5986       7
  5987       8
  5988      13
  5989      10
  5990       8
  5991      11
  5992       6
  5993       5
  5994       7
  5995       8
  5996      12
  5997       6
  5998      11
  5999       3
  6000       8
  6001       6
  6002       7
  6003       7
  6004       7
  6005       9
  6006       6
  6007      13
  6008       7
  6009       9
  6010      11
  6011      12
  6012      10
  6013      10
  6014      12
  6015       3
  6016      10
  6017       7
  6018       6
  6019       8
  6020       5
  6021       6
  6022       4
  6023      10
  6024      12
  6025       5
  6026      12
  6027       6
  6028      11
  6029       8
  6030       8
  6031      12
  6032       6
  6033      15
  6034      10
  6035       8
  6036       8
  6037      11
  6038      14
  6039      13
  6040       9
  6041       9
  6042       8
  6043       6
  6044      15
  6045      10
  6046      10
  6047      11
  6048      11
  6049      14
  6050      10
  6051      11
  6052       8
  6053      10
  6054       8
  6055       9
  6056       9
  6057       8
  6058       9
  6059      13
  6060       9
  6061      13
  6062       7
  6063       2
  6064      11
  6065      13
  6066       5
  6067      11
  6068      12
  6069      11
  6070       9
  6071       8
  6072       8
  6073       7
  6074       5
  6075       9
  6076       6
  6077       8
  6078       8
  6079       7
  6080       7
  6081       6
  6082       8
  6083      11
  6084       7
  6085       7
  6086       8
  6087      12
  6088      16
  6089      10
  6090       9
  6091       7
  6092      14
  6093      14
  6094       9
  6095      10
  6096       7
  6097       6
  6098       7
  6099      13
  6100       7
  6101       9
  6102      20
  6103       7
  6104      13
  6105      11
  6106      15
  6107      11
  6108      11
  6109       8
  6110       4
  6111       9
  6112       6
  6113      10
  6114       9
  6115       6
  6116      10
  6117      13
  6118       3
  6119      15
  6120       7
  6121       6
  6122       9
  6123      11
  6124      14
  6125       9
  6126      18
  6127      12
  6128      12
  6129      12
  6130      11
  6131       7
  6132      10
  6133       6
  6134       5
  6135       7
  6136       6
  6137       8
  6138      12
  6139       9
  6140      12
  6141       5
  6142      13
  6143      13
  6144      18
  6145      10
  6146       9
  6147       3
  6148       5
  6149      15
  6150       7
  6151      12
  6152      15
  6153       8
  6154       5
  6155      10
  6156      13
  6157       8
  6158      10
  6159      15
  6160      10
  6161      13
  6162       9
  6163       7
  6164       6
  6165       5
  6166       7
  6167      14
  6168      10
  6169      16
  6170      10
  6171       8
  6172      14
  6173      10
  6174       9
  6175       9
  6176       8
  6177       8
  6178       4
  6179       5
  6180       9
  6181       8
  6182      12
  6183       8
  6184      12
  6185       7
  6186      11
  6187       5
  6188      10
  6189       5
  6190       8
  6191      10
  6192       6
  6193       6
  6194       6
  6195      15
  6196       8
  6197       8
  6198       9
  6199       7
  6200       9
  6201      14
  6202      11
  6203      14
  6204       8
  6205       7
  6206      13
  6207      14
  6208       9
  6209      13
  6210      14
  6211      14
  6212       8
  6213      15
  6214       6
  6215       4
  6216      15
  6217       4
  6218      10
  6219       9
  6220      11
  6221       7
  6222      10
  6223      14
  6224       8
  6225       6
  6226       3
  6227       9
  6228      12
  6229      12
  6230       7
  6231      12
  6232      13
  6233      13
  6234      11
  6235       5
  6236       7
  6237      11
  6238       9
  6239       8
  6240      12
  6241       6
  6242       5
  6243      11
  6244      12
  6245       9
  6246       2
  6247      11
  6248      13
  6249       3
  6250       6
  6251      14
  6252      15
  6253       8
  6254      11
  6255       8
  6256      15
  6257      13
  6258      13
  6259      12
  6260       7
  6261      10
  6262      10
  6263       3
  6264      10
  6265       6
  6266       4
  6267       7
  6268       4
  6269      11
  6270       7
  6271       9
  6272      12
  6273       4
  6274      13
  6275       8
  6276      14
  6277      12
  6278       9
  6279      10
  6280       9
  6281      14
  6282      10
  6283      12
  6284       7
  6285       8
  6286       9
  6287      12
  6288       6
  6289      10
  6290      15
  6291       8
  6292      14
  6293       5
  6294       6
  6295      11
  6296       9
  6297      12
  6298       8
  6299      19
  6300       8
  6301       9
  6302      12
  6303      11
  6304      11
  6305      17
  6306      15
  6307       6
  6308      10
  6309      10
  6310      19
  6311      10
  6312       9
  6313       8
  6314      13
  6315       7
  6316       9
  6317      11
  6318      11
  6319       7
  6320       9
  6321      14
  6322       9
  6323       9
  6324      11
  6325      18
  6326      12
  6327       7
  6328      12
  6329      11
  6330       8
  6331       9
  6332      11
  6333      10
  6334       7
  6335      14
  6336      10
  6337      12
  6338       8
  6339       8
  6340       6
  6341      10
  6342      11
  6343      10
  6344       8
  6345      10
  6346      13
  6347       5
  6348       9
  6349       6
  6350       9
  6351      13
  6352       7
  6353       7
  6354      11
  6355      14
  6356       6
  6357      12
  6358      11
  6359      15
  6360       8
  6361      16
  6362      13
  6363       7
  6364      10
  6365       9
  6366       9
  6367       9
  6368       8
  6369      12
  6370       6
  6371       6
  6372       6
  6373      17
  6374      12
  6375      10
  6376       8
  6377       7
  6378       9
  6379      10
  6380       9
  6381      12
  6382      13
  6383       8
  6384      14
  6385      14
  6386      11
  6387      10
  6388       5
  6389       8
  6390      12
  6391      10
  6392       9
  6393       9
  6394      10
  6395      11
  6396       7
  6397       9
  6398      10
  6399      11
  6400       7
  6401      12
  6402       6
  6403       6
  6404      11
  6405      13
  6406      10
  6407       7
  6408      10
  6409      13
  6410      16
  6411      10
  6412       9
  6413       9
  6414      14
  6415      15
  6416      17
  6417      12
  6418       8
  6419       7
  6420      10
  6421      17
  6422      13
  6423       8
  6424      12
  6425      12
  6426      12
  6427       7
  6428      11
  6429      11
  6430      10
  6431       7
  6432      10
  6433       6
  6434       5
  6435      15
  6436      10
  6437      14
  6438       8
  6439      10
  6440       7
  6441      11
  6442       7
  6443       8
  6444       8
  6445      13
  6446      13
  6447       8
  6448      11
  6449      10
  6450       9
  6451       7
  6452      10
  6453      12
  6454       7
  6455      10
  6456       8
  6457      14
  6458      10
  6459       8
  6460       7
  6461       9
  6462      10
  6463       5
  6464      10
  6465      14
  6466       6
  6467      11
  6468      11
  6469       9
  6470       9
  6471      10
  6472       9
  6473       9
  6474      13
  6475       7
  6476       9
  6477      10
  6478       6
  6479       7
  6480       7
  6481      11
  6482       9
  6483       9
  6484       3
  6485      16
  6486      11
  6487       9
  6488      13
  6489       8
  6490       5
  6491      17
  6492       2
  6493       9
  6494       6
  6495      11
  6496      14
  6497       9
  6498      10
  6499      14
  6500       8
  6501       8
  6502      12
  6503      10
  6504       8
  6505      12
  6506       9
  6507      10
  6508       5
  6509       8
  6510      14
  6511       9
  6512      11
  6513      12
  6514       8
  6515       6
  6516      12
  6517       9
  6518      11
  6519      10
  6520       8
  6521      12
  6522       8
  6523      10
  6524       6
  6525       8
  6526      14
  6527      16
  6528      14
  6529      10
  6530       8
  6531       7
  6532       7
  6533       8
  6534       7
  6535      18
  6536      15
  6537      13
  6538      22
  6539      34
  6540      33
  6541      48
  6542      44
  6543      50
  6544      71
  6545      90
  6546     105
  6547      97
  6548      96
  6549     114
  6550     103
  6551      75
  6552      86
  6553      50
  6554      56
  6555      44
  6556      45
  6557      23
  6558      25
  6559      17
  6560      16
  6561      19
  6562      14
  6563       7
  6564      11
  6565      11
  6566       9
  6567       9
  6568      12
  6569       6
  6570      13
  6571       6
  6572       6
  6573       4
  6574      10
  6575      12
  6576       5
  6577      15
  6578      13
  6579       9
  6580      11
  6581      20
  6582      11
  6583       7
  6584       8
  6585      13
  6586       7
  6587      10
  6588      15
  6589      13
  6590      14
  6591      11
  6592       9
  6593      15
  6594       9
  6595       6
  6596       9
  6597      12
  6598       7
  6599       6
  6600      17
  6601      12
  6602       9
  6603      19
  6604      10
  6605      10
  6606       8
  6607      13
  6608      10
  6609      19
  6610      14
  6611      11
  6612      15
  6613       6
  6614       9
  6615      11
  6616      13
  6617      12
  6618      11
  6619      11
  6620      15
  6621      12
  6622       7
  6623       9
  6624       8
  6625      10
  6626      12
  6627       8
  6628      10
  6629      11
  6630       9
  6631       9
  6632      11
  6633      10
  6634      12
  6635      10
  6636       8
  6637      12
  6638       6
  6639       6
  6640      11
  6641       9
  6642       9
  6643       7
  6644      13
  6645       9
  6646      14
  6647      12
  6648       4
  6649      16
  6650      12
  6651      10
  6652       7
  6653      13
  6654       7
  6655      14
  6656      12
  6657      12
  6658      14
  6659      11
  6660       8
  6661      17
  6662      12
  6663      15
  6664      15
  6665      12
  6666      17
  6667      12
  6668      12
  6669      16
  6670      10
  6671       8
  6672      13
  6673      11
  6674      12
  6675       8
  6676      12
  6677       9
  6678       5
  6679      13
  6680       9
  6681       9
  6682      10
  6683       9
  6684       5
  6685      13
  6686      12
  6687       9
  6688       9
  6689       2
  6690      13
  6691       8
  6692      14
  6693       6
  6694      10
  6695       8
  6696      18
  6697      10
  6698      10
  6699       7
  6700       6
  6701      17
  6702       9
  6703       7
  6704      10
  6705       3
  6706       4
  6707      13
  6708       8
  6709       9
  6710       9
  6711       9
  6712      14
  6713      14
  6714       4
  6715      12
  6716      13
  6717      11
  6718       9
  6719       7
  6720      19
  6721       8
  6722      10
  6723       9
  6724       8
  6725      15
  6726       8
  6727      12
  6728      12
  6729       7
  6730      11
  6731      10
  6732      10
  6733      12
  6734      10
  6735      12
  6736       7
  6737       8
  6738       8
  6739      11
  6740      12
  6741      13
  6742       9
  6743      13
  6744      11
  6745      12
  6746      11
  6747      12
  6748       8
  6749       9
  6750       5
  6751      13
  6752       9
  6753      17
  6754      12
  6755       6
  6756      11
  6757       5
  6758       8
  6759       8
  6760       5
  6761      17
  6762      13
  6763       7
  6764       9
  6765      12
  6766       8
  6767      11
  6768       8
  6769      11
  6770       9
  6771      16
  6772      12
  6773      11
  6774      17
  6775       9
  6776      12
  6777      10
  6778      13
  6779      12
  6780      15
  6781       5
  6782       7
  6783       5
  6784       9
  6785      14
  6786       7
  6787      15
  6788       8
  6789      10
  6790      13
  6791      10
  6792      16
  6793       6
  6794      14
  6795      11
  6796       6
  6797      14
  6798      16
  6799      12
  6800       4
  6801      12
  6802      13
  6803      11
  6804      11
  6805      11
  6806      13
  6807      12
  6808      12
  6809      11
  6810      14
  6811       6
  6812      12
  6813      14
  6814       9
  6815       6
  6816       9
  6817       7
  6818       8
  6819      12
  6820       5
  6821      15
  6822      10
  6823       8
  6824      11
  6825      14
  6826      15
  6827      21
  6828      19
  6829      16
  6830      11
  6831       7
  6832      15
  6833      12
  6834       8
  6835      12
  6836      20
  6837      14
  6838       5
  6839      12
  6840      10
  6841       6
  6842       7
  6843      11
  6844       7
  6845      16
  6846       2
  6847      14
  6848      13
  6849      11
  6850       9
  6851      10
  6852      16
  6853      10
  6854      10
  6855      14
  6856      11
  6857      10
  6858      17
  6859      12
  6860      13
  6861      11
  6862       8
  6863      13
  6864      17
  6865       6
  6866       8
  6867       9
  6868      12
  6869      14
  6870      14
  6871       9
  6872      11
  6873       5
  6874      13
  6875      11
  6876      10
  6877      15
  6878      14
  6879      13
  6880      12
  6881      10
  6882      13
  6883      10
  6884      11
  6885       5
  6886       8
  6887       9
  6888      11
  6889      15
  6890      15
  6891      11
  6892      14
  6893      11
  6894      14
  6895      13
  6896       9
  6897      15
  6898      12
  6899       4
  6900      11
  6901       9
  6902      14
  6903       7
  6904      14
  6905       8
  6906      15
  6907      11
  6908      12
  6909      11
  6910      14
  6911      13
  6912      11
  6913       8
  6914      11
  6915      26
  6916       7
  6917       8
  6918       9
  6919       6
  6920      14
  6921      12
  6922      18
  6923      15
  6924      10
  6925       8
  6926      10
  6927      14
  6928      15
  6929       7
  6930      13
  6931      10
  6932      10
  6933      12
  6934      14
  6935       9
  6936       8
  6937      14
  6938      11
  6939      12
  6940      10
  6941       7
  6942      13
  6943      14
  6944      10
  6945      12
  6946       5
  6947      16
  6948       7
  6949      10
  6950      12
  6951       9
  6952      14
  6953      10
  6954      10
  6955       6
  6956      16
  6957      11
  6958       6
  6959      14
  6960       9
  6961      15
  6962      17
  6963      15
  6964      11
  6965       8
  6966      13
  6967      14
  6968      12
  6969      15
  6970      17
  6971      15
  6972      15
  6973       8
  6974      11
  6975      12
  6976       9
  6977      14
  6978      12
  6979      13
  6980       8
  6981      10
  6982      11
  6983      13
  6984      13
  6985      18
  6986      12
  6987      12
  6988       8
  6989       4
  6990       8
  6991      17
  6992      10
  6993       9
  6994      11
  6995      20
  6996      11
  6997      13
  6998      13
  6999      10
  7000      17
  7001      12
  7002      13
  7003      10
  7004      16
  7005      12
  7006      13
  7007      12
  7008       7
  7009      19
  7010      16
  7011       7
  7012       7
  7013      13
  7014      12
  7015       9
  7016       8
  7017       9
  7018      10
  7019      18
  7020      10
  7021      11
  7022      17
  7023      16
  7024      15
  7025      14
  7026      14
  7027       9
  7028       8
  7029      10
  7030      10
  7031      14
  7032       6
  7033       6
  7034       7
  7035      18
  7036      14
  7037       8
  7038      10
  7039      10
  7040      13
  7041       8
  7042      20
  7043      10
  7044      18
  7045       8
  7046      11
  7047      11
  7048      12
  7049      10
  7050      15
  7051      15
  7052      18
  7053      14
  7054      14
  7055      17
  7056      11
  7057      13
  7058      14
  7059      11
  7060       8
  7061      11
  7062       9
  7063      11
  7064      14
  7065      12
  7066      14
  7067      15
  7068      12
  7069      11
  7070      13
  7071      12
  7072      11
  7073      15
  7074       7
  7075      14
  7076      17
  7077      18
  7078      11
  7079      11
  7080      11
  7081      18
  7082      19
  7083       8
  7084      12
  7085      12
  7086      11
  7087      10
  7088      11
  7089      16
  7090      19
  7091      13
  7092      10
  7093      15
  7094      16
  7095      11
  7096      10
  7097      18
  7098      16
  7099      14
  7100       6
  7101      16
  7102      11
  7103       8
  7104      18
  7105      14
  7106       9
  7107      15
  7108      13
  7109       7
  7110       8
  7111      15
  7112       9
  7113      10
  7114       5
  7115       9
  7116       8
  7117      12
  7118      11
  7119      13
  7120       8
  7121      12
  7122      12
  7123      14
  7124      20
  7125      15
  7126      13
  7127       9
  7128      13
  7129      25
  7130      11
  7131      10
  7132      10
  7133      14
  7134      14
  7135      15
  7136      13
  7137      14
  7138      12
  7139       9
  7140      11
  7141       7
  7142      14
  7143       9
  7144      14
  7145      15
  7146       9
  7147      20
  7148       5
  7149      15
  7150      11
  7151       9
  7152      12
  7153      12
  7154       8
  7155       8
  7156      13
  7157       4
  7158      12
  7159      14
  7160      20
  7161      11
  7162      13
  7163      15
  7164      12
  7165      16
  7166       8
  7167      16
  7168      12
  7169      14
  7170      21
  7171       4
  7172      15
  7173      14
  7174       5
  7175      15
  7176      16
  7177      15
  7178      16
  7179      16
  7180      10
  7181      13
  7182      11
  7183      14
  7184      10
  7185      17
  7186      16
  7187      13
  7188      16
  7189      17
  7190      10
  7191      16
  7192      18
  7193       7
  7194       9
  7195      18
  7196      13
  7197      15
  7198      23
  7199      14
  7200      10
  7201      15
  7202      24
  7203      15
  7204       9
  7205      11
  7206       9
  7207      12
  7208       9
  7209      12
  7210       8
  7211      15
  7212      17
  7213      17
  7214      14
  7215      19
  7216      12
  7217      11
  7218      14
  7219       8
  7220       7
  7221      13
  7222       9
  7223      12
  7224      13
  7225      15
  7226      12
  7227      11
  7228      13
  7229      14
  7230       9
  7231      11
  7232       8
  7233      10
  7234      14
  7235      10
  7236      17
  7237      20
  7238      15
  7239      10
  7240      19
  7241      10
  7242      14
  7243      10
  7244       8
  7245      10
  7246      15
  7247      13
  7248       8
  7249      13
  7250      18
  7251      12
  7252      15
  7253      12
  7254      13
  7255       9
  7256      12
  7257      14
  7258      17
  7259       8
  7260      13
  7261      12
  7262       8
  7263      14
  7264      13
  7265      15
  7266      13
  7267      11
  7268       7
  7269      16
  7270      10
  7271       7
  7272      11
  7273      14
  7274      12
  7275       7
  7276      11
  7277      12
  7278      10
  7279      15
  7280      12
  7281      20
  7282      16
  7283      18
  7284      10
  7285      17
  7286      10
  7287      10
  7288      18
  7289      13
  7290      15
  7291      14
  7292       9
  7293      20
  7294      18
  7295      13
  7296      19
  7297      11
  7298      20
  7299      16
  7300      12
  7301      12
  7302      17
  7303      17
  7304      12
  7305      12
  7306      20
  7307      17
  7308      11
  7309      11
  7310      12
  7311       6
  7312      13
  7313      13
  7314      15
  7315      18
  7316      16
  7317      13
  7318      11
  7319      16
  7320      15
  7321      12
  7322      13
  7323      13
  7324      19
  7325      22
  7326      14
  7327      12
  7328      18
  7329      16
  7330      24
  7331      19
  7332      13
  7333      15
  7334       9
  7335      21
  7336      16
  7337      19
  7338      21
  7339      13
  7340      21
  7341      14
  7342      15
  7343      22
  7344      11
  7345       9
  7346      13
  7347      15
  7348      16
  7349      11
  7350       7
  7351      16
  7352      11
  7353      15
  7354      11
  7355       9
  7356      15
  7357      10
  7358      16
  7359       4
  7360      15
  7361      14
  7362      14
  7363      18
  7364      15
  7365      17
  7366      15
  7367      15
  7368      21
  7369      14
  7370      15
  7371      14
  7372      11
  7373      15
  7374       8
  7375       7
  7376      14
  7377      13
  7378      18
  7379      16
  7380      13
  7381      14
  7382      14
  7383      15
  7384      18
  7385      13
  7386      19
  7387      12
  7388      18
  7389      17
  7390      13
  7391      11
  7392      12
  7393       6
  7394      14
  7395      17
  7396      15
  7397      13
  7398      12
  7399      12
  7400      15
  7401       5
  7402      18
  7403      14
  7404      20
  7405      12
  7406      19
  7407       9
  7408      18
  7409      13
  7410      15
  7411      16
  7412      11
  7413      14
  7414      19
  7415      26
  7416      15
  7417      11
  7418       9
  7419      13
  7420      16
  7421      10
  7422      11
  7423      12
  7424      17
  7425      11
  7426      10
  7427      19
  7428      18
  7429      16
  7430      11
  7431      12
  7432      15
  7433      14
  7434      15
  7435      17
  7436      14
  7437      15
  7438      14
  7439       8
  7440      22
  7441      20
  7442      10
  7443      19
  7444      14
  7445      16
  7446      19
  7447      14
  7448      11
  7449      22
  7450       9
  7451      23
  7452      14
  7453      14
  7454      23
  7455      13
  7456      11
  7457      14
  7458      22
  7459      12
  7460      16
  7461      18
  7462      19
  7463      11
  7464      11
  7465      23
  7466      11
  7467      12
  7468      12
  7469      11
  7470      21
  7471      17
  7472      14
  7473      13
  7474       9
  7475      15
  7476      13
  7477      10
  7478      20
  7479      20
  7480      20
  7481      25
  7482      24
  7483      24
  7484      12
  7485      20
  7486      14
  7487      12
  7488      10
  7489      19
  7490      19
  7491      18
  7492       9
  7493      16
  7494       5
  7495      15
  7496      18
  7497      12
  7498      23
  7499      17
  7500      17
  7501      12
  7502      12
  7503      21
  7504      18
  7505      17
  7506      11
  7507      19
  7508      16
  7509      16
  7510      17
  7511      18
  7512      19
  7513      13
  7514      13
  7515      13
  7516      18
  7517      20
  7518      12
  7519      15
  7520      21
  7521      14
  7522      10
  7523       8
  7524      12
  7525      13
  7526      11
  7527      14
  7528      18
  7529      21
  7530      18
  7531      19
  7532      13
  7533      16
  7534      11
  7535      17
  7536      11
  7537       9
  7538       9
  7539      21
  7540      12
  7541      10
  7542       8
  7543      13
  7544      12
  7545      15
  7546       9
  7547      13
  7548      11
  7549      13
  7550      13
  7551      16
  7552      10
  7553      12
  7554      12
  7555      17
  7556      15
  7557      17
  7558      17
  7559      15
  7560      20
  7561       8
  7562      12
  7563       9
  7564      11
  7565      13
  7566      10
  7567       8
  7568      19
  7569       5
  7570      11
  7571      16
  7572       9
  7573       8
  7574       5
  7575       8
  7576      13
  7577      13
  7578      12
  7579       9
  7580      15
  7581      13
  7582      13
  7583      16
  7584       8
  7585       9
  7586      14
  7587       6
  7588      10
  7589      17
  7590      10
  7591      11
  7592      19
  7593      10
  7594       9
  7595      10
  7596       6
  7597       8
  7598      13
  7599      15
  7600      12
  7601       8
  7602      14
  7603       8
  7604      10
  7605      12
  7606      13
  7607      13
  7608      12
  7609      12
  7610      10
  7611      10
  7612      10
  7613       9
  7614      11
  7615      15
  7616      13
  7617      12
  7618       7
  7619       7
  7620      14
  7621      10
  7622      10
  7623      18
  7624      13
  7625       3
  7626      12
  7627      11
  7628       7
  7629       8
  7630       6
  7631       9
  7632      14
  7633      15
  7634      24
  7635      12
  7636      14
  7637      12
  7638      13
  7639      17
  7640      10
  7641      15
  7642       9
  7643      12
  7644      10
  7645      10
  7646      18
  7647      14
  7648       5
  7649      16
  7650       8
  7651      12
  7652      13
  7653      16
  7654      10
  7655       7
  7656       2
  7657      19
  7658       8
  7659      12
  7660       9
  7661       9
  7662       3
  7663      12
  7664      12
  7665      12
  7666       7
  7667       9
  7668       9
  7669      10
  7670       8
  7671       8
  7672      10
  7673      12
  7674       9
  7675      10
  7676      10
  7677      14
  7678      12
  7679      14
  7680      19
  7681      14
  7682       8
  7683       7
  7684      13
  7685      10
  7686       9
  7687      13
  7688      17
  7689      19
  7690       9
  7691       7
  7692       7
  7693      11
  7694       8
  7695      13
  7696      19
  7697      13
  7698      12
  7699       6
  7700       8
  7701      10
  7702       9
  7703      13
  7704      10
  7705      11
  7706      11
  7707      10
  7708      15
  7709      13
  7710      11
  7711       9
  7712      13
  7713       9
  7714      13
  7715      11
  7716       9
  7717       9
  7718      10
  7719       7
  7720       5
  7721       7
  7722      15
  7723       8
  7724       6
  7725       9
  7726      13
  7727       5
  7728       9
  7729      21
  7730      11
  7731      10
  7732      10
  7733      13
  7734       8
  7735      11
  7736       7
  7737      11
  7738      10
  7739      16
  7740       9
  7741      15
  7742      12
  7743       6
  7744      12
  7745       8
  7746      17
  7747      11
  7748      11
  7749      12
  7750      12
  7751      17
  7752       9
  7753       9
  7754       8
  7755      10
  7756      11
  7757      10
  7758      10
  7759      13
  7760      14
  7761       7
  7762      15
  7763      15
  7764      10
  7765       8
  7766       7
  7767      12
  7768      13
  7769       8
  7770       7
  7771      12
  7772       7
  7773       6
  7774      16
  7775       9
  7776      11
  7777       7
  7778      15
  7779      10
  7780       8
  7781      11
  7782      12
  7783      11
  7784      11
  7785      14
  7786      10
  7787      14
  7788      15
  7789      15
  7790       8
  7791      11
  7792      13
  7793      10
  7794       9
  7795      12
  7796      14
  7797       8
  7798      12
  7799      11
  7800      11
  7801       9
  7802       8
  7803      10
  7804       9
  7805       5
  7806      12
  7807      11
  7808      14
  7809      12
  7810      14
  7811      12
  7812       7
  7813      16
  7814      13
  7815       9
  7816      10
  7817      15
  7818      10
  7819       9
  7820      11
  7821      15
  7822      13
  7823      12
  7824       9
  7825       7
  7826       9
  7827      11
  7828      10
  7829      16
  7830       8
  7831      14
  7832       8
  7833      10
  7834       9
  7835      16
  7836      14
  7837       5
  7838       5
  7839       5
  7840       9
  7841       9
  7842       9
  7843       6
  7844      10
  7845       6
  7846      14
  7847      10
  7848      14
  7849       8
  7850      11
  7851       8
  7852      10
  7853       6
  7854      16
  7855      10
  7856      13
  7857       8
  7858      15
  7859      10
  7860       6
  7861       8
  7862       7
  7863      19
  7864       7
  7865       8
  7866       8
  7867       8
  7868      18
  7869       9
  7870       9
  7871       9
  7872       8
  7873       9
  7874       8
  7875       8
  7876      10
  7877      15
  7878      10
  7879      15
  7880      13
  7881       8
  7882       5
  7883      13
  7884      16
  7885       7
  7886      10
  7887      14
  7888      14
  7889       9
  7890       6
  7891       9
  7892       7
  7893      15
  7894      14
  7895      10
  7896      10
  7897      11
  7898       6
  7899      11
  7900       3
  7901       8
  7902      10
  7903       6
  7904      13
  7905      10
  7906       6
  7907       6
  7908      10
  7909       9
  7910      11
  7911       7
  7912       4
  7913       7
  7914      13
  7915      13
  7916      11
  7917       6
  7918      12
  7919      11
  7920       5
  7921       8
  7922      14
  7923       9
  7924      10
  7925      11
  7926       4
  7927      10
  7928       7
  7929      13
  7930       7
  7931      15
  7932      12
  7933      13
  7934      13
  7935      11
  7936       9
  7937      10
  7938      12
  7939      13
  7940       8
  7941       9
  7942      14
  7943       9
  7944       8
  7945      11
  7946      11
  7947       5
  7948       3
  7949       7
  7950      16
  7951      12
  7952      11
  7953       5
  7954       8
  7955      13
  7956      15
  7957       8
  7958       6
  7959       9
  7960      10
  7961      11
  7962       5
  7963      13
  7964       9
  7965      10
  7966      10
  7967       8
  7968       4
  7969       8
  7970      10
  7971       9
  7972       8
  7973       7
  7974      10
  7975       9
  7976      12
  7977      11
  7978       4
  7979      12
  7980      12
  7981       9
  7982       7
  7983      18
  7984      12
  7985      12
  7986      10
  7987       9
  7988       9
  7989      11
  7990       8
  7991      10
  7992       9
  7993       6
  7994       6
  7995       9
  7996      10
  7997      13
  7998       5
  7999      12
  8000      13
  8001       9
  8002       7
  8003      10
  8004      13
  8005       9
  8006       8
  8007       7
  8008       7
  8009      10
  8010      11
  8011       4
  8012       6
  8013      13
  8014      12
  8015      13
  8016      13
  8017       7
  8018       8
  8019      11
  8020       9
  8021       6
  8022       6
  8023      13
  8024      12
  8025       9
  8026      10
  8027      12
  8028      13
  8029      11
  8030       7
  8031      11
  8032       6
  8033      10
  8034       7
  8035      13
  8036       9
  8037      10
  8038      11
  8039      11
  8040       6
  8041       6
  8042      10
  8043       9
  8044      12
  8045       5
  8046       5
  8047       7
  8048       7
  8049      10
  8050      12
  8051       6
  8052       7
  8053      11
  8054       8
  8055       9
  8056      10
  8057       4
  8058      11
  8059       4
  8060      14
  8061       7
  8062      10
  8063      12
  8064       8
  8065       7
  8066      10
  8067      10
  8068       5
  8069      14
  8070      11
  8071       9
  8072      10
  8073       9
  8074       5
  8075       2
  8076      10
  8077      13
  8078      12
  8079      15
  8080      11
  8081       6
  8082       5
  8083       9
  8084       4
  8085      11
  8086      13
  8087      10
  8088      13
  8089      13
  8090       8
  8091      12
  8092      11
  8093      11
  8094      11
  8095      11
  8096       9
  8097      10
  8098       8
  8099      10
  8100      12
  8101      11
  8102      13
  8103       6
  8104      12
  8105       9
  8106       8
  8107       9
  8108       4
  8109       8
  8110       8
  8111       7
  8112       7
  8113       8
  8114       7
  8115      10
  8116       9
  8117       5
  8118      10
  8119      13
  8120       7
  8121       8
  8122      10
  8123       6
  8124       9
  8125       6
  8126       5
  8127      11
  8128       5
  8129       7
  8130       7
  8131       9
  8132      11
  8133       9
  8134       8
  8135       9
  8136      11
  8137       9
  8138      11
  8139      12
  8140       8
  8141      11
  8142       9
  8143       7
  8144      11
  8145      10
  8146       8
  8147      12
  8148      13
  8149       9
  8150       5
  8151       5
  8152      12
  8153       6
  8154       9
  8155       8
  8156       7
  8157       6
  8158      12
  8159       8
  8160      13
  8161       8
  8162       7
  8163       9
  8164       2
  8165      12
  8166      12
  8167       6
  8168      13
  8169       5
  8170       7
  8171      11
  8172      12
  8173      22
  8174      15
  8175       5
  8176       6
  8177       8
  8178       7
  8179       5
  8180      11
  8181       7
  8182       8
  8183      11
  8184      12
  8185      11
  8186       8
  8187       8
  8188      12
  8189      11
  8190      12
  8191       7
  8192       8
  8193       8
  8194       6
  8195       5
  8196       3
  8197       9
  8198       8
  8199       7
  8200       5
  8201       8
  8202       9
  8203      14
  8204       5
  8205       7
  8206      13
  8207       5
  8208      12
  8209       9
  8210      12
  8211      13
  8212      10
  8213      13
  8214      12
  8215      13
  8216      15
  8217       5
  8218       8
  8219       8
  8220       3
  8221      13
  8222       6
  8223       6
  8224       4
  8225       7
  8226       9
  8227       9
  8228      12
  8229      14
  8230       9
  8231       6
  8232      10
  8233      11
  8234      15
  8235       6
  8236       4
  8237      11
  8238      10
  8239       9
  8240      10
  8241       6
  8242       5
  8243       7
  8244       8
  8245      14
  8246       4
  8247       9
  8248      10
  8249       9
  8250      13
  8251      12
  8252       5
  8253       7
  8254      14
  8255      13
  8256      17
  8257      12
  8258      10
  8259      11
  8260       5
  8261      15
  8262       7
  8263      10
  8264       8
  8265       8
  8266       8
  8267       8
  8268       8
  8269      14
  8270       3
  8271       7
  8272       8
  8273       7
  8274      10
  8275       7
  8276       6
  8277       9
  8278      13
  8279       6
  8280      10
  8281       8
  8282      10
  8283      11
  8284       9
  8285       7
  8286       8
  8287       6
  8288      15
  8289      15
  8290      10
  8291       9
  8292       7
  8293       9
  8294       8
  8295       6
  8296      10
  8297       6
  8298       9
  8299       8
  8300       6
  8301       7
  8302       8
  8303      12
  8304       9
  8305       7
  8306       6
  8307       8
  8308       9
  8309      13
  8310       5
  8311       6
  8312      13
  8313      12
  8314      13
  8315      10
  8316      14
  8317      11
  8318      10
  8319      13
  8320       6
  8321       4
  8322       2
  8323       8
  8324      10
  8325      13
  8326      11
  8327      11
  8328       8
  8329       9
  8330       8
  8331       4
  8332      14
  8333       8
  8334       8
  8335       5
  8336       7
  8337      14
  8338       5
  8339      12
  8340       7
  8341      16
  8342       5
  8343       7
  8344       5
  8345      12
  8346       8
  8347      10
  8348       6
  8349       8
  8350       6
  8351      16
  8352       8
  8353      13
  8354       5
  8355       9
  8356       9
  8357       5
  8358       8
  8359      16
  8360      10
  8361       6
  8362      11
  8363      12
  8364       9
  8365      11
  8366       6
  8367       8
  8368      11
  8369       8
  8370       7
  8371       7
  8372      12
  8373      11
  8374       6
  8375       9
  8376       7
  8377       9
  8378       5
  8379      11
  8380      10
  8381      10
  8382       6
  8383      10
  8384       8
  8385      11
  8386      10
  8387      12
  8388       6
  8389      12
  8390       4
  8391       9
  8392       4
  8393       4
  8394       9
  8395       7
  8396       6
  8397      12
  8398       7
  8399       7
  8400       7
  8401       6
  8402      13
  8403      14
  8404       9
  8405       8
  8406      12
  8407       4
  8408      10
  8409      13
  8410       7
  8411       7
  8412      12
  8413      17
  8414       9
  8415      11
  8416      14
  8417       2
  8418       9
  8419       9
  8420      12
  8421      10
  8422       6
  8423       7
  8424      11
  8425       7
  8426      10
  8427      12
  8428       7
  8429       4
  8430       7
  8431      12
  8432      16
  8433       8
  8434       5
  8435      11
  8436       6
  8437      11
  8438      14
  8439       7
  8440      12
  8441       7
  8442      11
  8443       4
  8444      11
  8445       9
  8446       6
  8447       4
  8448       6
  8449       8
  8450      14
  8451       8
  8452      10
  8453       9
  8454       7
  8455      13
  8456       5
  8457       5
  8458       9
  8459      12
  8460       9
  8461      11
  8462       5
  8463       7
  8464      11
  8465      13
  8466       9
  8467       6
  8468      10
  8469      13
  8470      14
  8471      14
  8472      10
  8473      14
  8474       9
  8475      13
  8476       6
  8477      11
  8478       6
  8479       9
  8480      14
  8481      11
  8482       9
  8483      14
  8484       3
  8485       9
  8486       6
  8487      12
  8488      15
  8489       8
  8490      15
  8491      14
  8492      11
  8493      10
  8494       8
  8495       9
  8496       9
  8497      10
  8498      13
  8499       8
  8500      14
  8501      11
  8502       9
  8503      12
  8504      14
  8505      14
  8506       9
  8507       5
  8508      11
  8509       7
  8510       9
  8511      10
  8512       8
  8513       1
  8514       5
  8515       8
  8516      10
  8517      17
  8518      14
  8519       8
  8520       8
  8521      11
  8522      11
  8523      10
  8524      13
  8525      11
  8526       7
  8527       8
  8528      12
  8529      16
  8530       6
  8531      10
  8532       4
  8533       9
  8534      13
  8535       8
  8536       4
  8537      10
  8538       8
  8539      12
  8540       6
  8541      11
  8542       6
  8543      11
  8544      10
  8545      11
  8546       8
  8547       7
  8548      18
  8549       8
  8550       6
  8551       9
  8552      10
  8553       7
  8554      15
  8555       9
  8556      11
  8557       6
  8558       5
  8559      17
  8560       9
  8561      11
  8562      10
  8563      15
  8564      12
  8565      13
  8566       6
  8567       4
  8568      12
  8569       6
  8570      12
  8571       7
  8572       5
  8573      12
  8574      11
  8575       7
  8576      14
  8577       9
  8578      13
  8579       6
  8580       8
  8581       6
  8582       9
  8583      10
  8584      12
  8585      12
  8586       7
  8587      12
  8588       7
  8589       9
  8590       7
  8591       9
  8592      10
  8593       6
  8594       9
  8595       8
  8596      10
  8597      10
  8598       6
  8599      20
  8600       6
  8601       9
  8602      11
  8603      14
  8604       8
  8605       9
  8606       9
  8607      13
  8608      10
  8609       5
  8610      13
  8611       7
  8612      10
  8613       8
  8614       9
  8615      14
  8616       8
  8617      10
  8618       8
  8619      16
  8620       5
  8621       9
  8622      12
  8623       8
  8624      12
  8625       9
  8626      13
  8627       8
  8628       7
  8629      11
  8630      16
  8631      11
  8632      11
  8633      13
  8634      13
  8635       7
  8636       7
  8637       5
  8638      14
  8639      10
  8640      10
  8641      15
  8642       8
  8643       8
  8644      12
  8645      13
  8646       6
  8647      17
  8648      11
  8649      13
  8650      11
  8651       6
  8652      17
  8653       8
  8654      10
  8655      15
  8656      10
  8657      16
  8658      13
  8659       9
  8660      13
  8661      15
  8662       9
  8663       6
  8664       7
  8665       7
  8666       6
  8667      16
  8668       9
  8669      12
  8670       4
  8671      11
  8672       8
  8673      14
  8674      13
  8675      11
  8676      11
  8677      10
  8678       9
  8679      12
  8680      13
  8681      11
  8682       8
  8683      10
  8684      11
  8685      10
  8686      11
  8687       9
  8688      13
  8689      11
  8690      17
  8691      13
  8692      14
  8693       7
  8694      10
  8695      12
  8696      12
  8697       5
  8698      11
  8699       5
  8700       9
  8701       9
  8702      10
  8703       7
  8704      12
  8705      12
  8706      11
  8707       9
  8708      11
  8709       3
  8710      12
  8711       9
  8712      11
  8713      12
  8714      12
  8715       4
  8716       6
  8717       8
  8718      15
  8719       8
  8720      11
  8721       8
  8722      10
  8723      15
  8724      13
  8725       9
  8726       9
  8727       8
  8728       9
  8729       7
  8730      10
  8731      10
  8732      14
  8733      17
  8734      12
  8735      14
  8736       9
  8737      17
  8738      15
  8739      15
  8740      16
  8741      16
  8742      19
  8743      23
  8744      19
  8745      18
  8746      38
  8747      35
  8748      39
  8749      37
  8750      39
  8751      39
  8752      48
  8753      39
  8754      31
  8755      33
  8756      27
  8757      31
  8758      19
  8759      17
  8760      20
  8761      19
  8762      15
  8763       8
  8764       9
  8765       9
  8766      14
  8767       9
  8768       8
  8769       8
  8770      15
  8771       7
  8772       8
  8773      11
  8774      12
  8775       7
  8776      11
  8777      10
  8778       3
  8779      13
  8780       3
  8781       4
  8782       5
  8783       4
  8784      13
  8785       7
  8786       5
  8787       7
  8788       4
  8789       8
  8790       7
  8791       4
  8792       8
  8793       4
  8794       3
  8795       9
  8796      14
  8797       9
  8798       7
  8799       8
  8800       6
  8801       9
  8802       5
  8803       8
  8804       6
  8805      10
  8806       1
  8807      11
  8808       8
  8809       7
  8810       6
  8811       6
  8812      10
  8813       0
  8814       3
  8815       4
  8816       4
  8817       9
  8818       4
  8819      16
  8820       8
  8821       9
  8822       7
  8823       8
  8824       5
  8825       7
  8826       5
  8827       6
  8828       5
  8829       6
  8830       8
  8831       8
  8832      11
  8833       4
  8834      11
  8835      10
  8836       5
  8837       5
  8838       5
  8839       4
  8840       7
  8841       5
  8842      10
  8843      12
  8844       7
  8845       9
  8846       8
  8847      11
  8848       8
  8849       7
  8850       7
  8851       6
  8852       7
  8853       9
  8854       8
  8855       4
  8856       7
  8857       5
  8858       8
  8859       9
  8860       7
  8861       7
  8862       5
  8863       8
  8864      13
  8865       4
  8866      11
  8867       4
  8868       5
  8869       5
  8870       4
  8871       7
  8872       7
  8873      10
  8874       3
  8875       5
  8876       9
  8877       8
  8878      11
  8879       3
  8880       5
  8881      12
  8882       8
  8883       4
  8884       2
  8885       7
  8886       6
  8887       9
  8888       4
  8889       5
  8890       6
  8891       8
  8892       8
  8893      11
  8894       7
  8895       6
  8896      12
  8897       8
  8898       6
  8899       2
  8900       6
  8901       9
  8902       4
  8903      10
  8904       6
  8905       8
  8906       8
  8907       4
  8908       5
  8909       7
  8910       6
  8911       3
  8912       6
  8913       2
  8914       3
  8915       3
  8916       9
  8917       8
  8918       6
  8919       2
  8920       3
  8921       8
  8922       3
  8923       4
  8924       6
  8925      12
  8926       4
  8927       6
  8928       7
  8929       3
  8930       4
  8931      10
  8932       4
  8933      10
  8934       4
  8935       6
  8936       1
  8937       8
  8938       4
  8939       2
  8940       4
  8941       7
  8942       5
  8943       6
  8944       6
  8945       6
  8946       4
  8947       6
  8948      11
  8949       7
  8950       5
  8951       5
  8952       7
  8953       6
  8954       8
  8955       2
  8956       4
  8957       7
  8958       3
  8959       2
  8960       3
  8961       3
  8962       3
  8963       0
  8964       5
  8965       7
  8966       9
  8967       2
  8968       8
  8969       2
  8970       6
  8971       4
  8972       4
  8973       1
  8974       7
  8975       5
  8976       8
  8977       6
  8978       5
  8979      10
  8980       2
  8981       6
  8982       3
  8983       1
  8984       4
  8985      12
  8986       5
  8987       8
  8988       4
  8989      10
  8990       9
  8991       5
  8992      10
  8993      11
  8994       5
  8995       7
  8996       7
  8997       8
  8998       3
  8999       4
  9000       4
  9001       3
  9002       3
  9003       5
  9004       8
  9005       5
  9006       4
  9007       7
  9008       8
  9009       4
  9010       5
  9011       2
  9012       4
  9013       4
  9014       7
  9015       6
  9016       7
  9017       2
  9018       7
  9019       4
  9020       7
  9021       4
  9022       3
  9023       6
  9024       8
  9025      10
  9026       3
  9027       7
  9028       2
  9029       3
  9030      10
  9031       4
  9032       8
  9033       5
  9034       7
  9035       5
  9036       7
  9037       5
  9038       7
  9039       8
  9040       4
  9041       5
  9042       6
  9043       6
  9044       7
  9045       6
  9046       5
  9047       4
  9048       8
  9049       5
  9050       3
  9051       6
  9052       6
  9053       4
  9054       7
  9055       4
  9056       4
  9057       3
  9058       3
  9059       4
  9060       3
  9061       9
  9062       4
  9063       7
  9064       4
  9065       6
  9066       6
  9067       6
  9068       5
  9069       3
  9070       4
  9071       9
  9072       6
  9073       7
  9074       3
  9075       8
  9076       7
  9077       7
  9078       3
  9079       5
  9080       3
  9081       2
  9082       5
  9083       6
  9084       2
  9085       8
  9086       3
  9087       7
  9088       6
  9089       5
  9090       3
  9091       7
  9092       3
  9093       3
  9094       6
  9095       7
  9096       6
  9097       4
  9098       7
  9099       6
  9100       3
  9101       3
  9102       9
  9103       6
  9104       7
  9105       6
  9106       3
  9107       4
  9108       4
  9109       3
  9110       7
  9111       5
  9112       5
  9113      11
  9114       6
  9115       7
  9116       8
  9117       6
  9118       6
  9119       4
  9120       5
  9121       5
  9122       9
  9123       4
  9124       9
  9125       5
  9126       5
  9127       2
  9128       5
  9129       6
  9130       7
  9131       7
  9132       5
  9133       3
  9134       4
  9135       4
  9136       9
  9137      10
  9138       2
  9139       8
  9140       2
  9141       3
  9142       5
  9143       2
  9144       8
  9145       5
  9146       4
  9147       6
  9148       6
  9149       5
  9150       5
  9151       9
  9152       4
  9153       4
  9154       7
  9155       7
  9156       4
  9157       7
  9158       5
  9159       5
  9160       4
  9161       9
  9162       8
  9163       5
  9164       5
  9165       4
  9166       3
  9167       2
  9168       5
  9169       7
  9170       5
  9171       3
  9172       6
  9173       7
  9174       2
  9175       4
  9176       6
  9177       6
  9178       7
  9179       4
  9180       8
  9181       5
  9182      13
  9183       6
  9184       8
  9185      15
  9186      11
  9187      15
  9188      24
  9189      30
  9190      33
  9191      72
  9192      74
  9193     134
  9194     151
  9195     198
  9196     250
  9197     273
  9198     357
  9199     440
  9200     504
  9201     488
  9202     609
  9203     577
  9204     649
  9205     618
  9206     612
  9207     602
  9208     529
  9209     473
  9210     417
  9211     344
  9212     252
  9213     242
  9214     158
  9215     134
  9216      99
  9217      66
  9218      34
  9219      25
  9220      20
  9221      13
  9222       9
  9223       4
  9224       6
  9225       0
  9226       2
  9227       5
  9228       9
  9229       3
  9230       3
  9231       6
  9232       1
  9233       4
  9234       4
  9235       4
  9236       3
  9237       5
  9238       4
  9239       4
  9240       5
  9241       3
  9242       3
  9243       3
  9244       2
  9245       7
  9246       9
  9247       4
  9248       5
  9249       1
  9250       5
  9251       2
  9252       7
  9253       2
  9254       4
  9255       7
  9256       1
  9257       3
  9258       4
  9259       1
  9260       2
  9261       5
  9262       4
  9263       5
  9264       3
  9265       5
  9266       4
  9267       3
  9268       4
  9269       3
  9270       3
  9271       7
  9272       0
  9273       5
  9274       4
  9275       3
  9276       5
  9277       1
  9278       3
  9279       7
  9280       2
  9281       2
  9282       2
  9283       2
  9284       4
  9285       1
  9286       4
  9287       5
  9288       4
  9289       1
  9290       3
  9291       5
  9292       0
  9293       1
  9294       4
  9295       4
  9296       3
  9297       1
  9298       0
  9299       1
  9300       4
  9301       3
  9302       6
  9303       4
  9304       3
  9305       1
  9306       3
  9307       2
  9308       5
  9309       2
  9310       4
  9311       3
  9312       2
  9313       1
  9314       4
  9315       2
  9316       4
  9317       4
  9318       5
  9319       3
  9320       1
  9321       1
  9322       4
  9323       4
  9324       3
  9325       7
  9326       2
  9327       5
  9328       3
  9329       2
  9330       4
  9331       7
  9332       2
  9333       6
  9334       2
  9335       7
  9336       2
  9337       1
  9338       2
  9339       5
  9340       0
  9341       5
  9342       5
  9343       1
  9344       4
  9345       2
  9346       1
  9347       4
  9348       6
  9349       6
  9350       3
  9351       5
  9352       4
  9353       1
  9354       8
  9355       4
  9356       2
  9357       5
  9358       4
  9359       2
  9360       3
  9361       0
  9362       4
  9363       5
  9364       6
  9365       6
  9366       3
  9367       1
  9368       6
  9369       2
  9370       5
  9371       3
  9372       0
  9373       3
  9374       4
  9375       5
  9376       8
  9377       1
  9378       4
  9379       3
  9380       2
  9381       6
  9382       4
  9383       1
  9384       1
  9385       1
  9386       0
  9387       6
  9388       7
  9389       0
  9390       3
  9391       0
  9392       4
  9393       2
  9394       1
  9395       6
  9396       3
  9397       5
  9398       2
  9399       3
  9400       8
  9401       4
  9402       2
  9403       9
  9404       5
  9405       2
  9406       5
  9407       3
  9408       3
  9409       2
  9410       2
  9411       3
  9412       4
  9413       3
  9414       1
  9415       3
  9416       3
  9417       5
  9418       5
  9419       2
  9420       2
  9421       6
  9422       7
  9423       6
  9424       2
  9425       1
  9426       2
  9427       0
  9428       2
  9429       4
  9430       5
  9431       3
  9432       3
  9433       3
  9434       1
  9435       3
  9436       2
  9437       9
  9438       2
  9439       2
  9440       5
  9441       3
  9442       5
  9443       2
  9444       4
  9445       1
  9446       1
  9447       5
  9448       2
  9449       2
  9450       2
  9451       3
  9452       5
  9453       1
  9454       2
  9455       4
  9456       5
  9457       3
  9458       2
  9459       4
  9460       0
  9461       1
  9462       3
  9463       6
  9464       1
  9465       1
  9466       0
  9467       1
  9468       4
  9469       3
  9470       1
  9471       3
  9472       3
  9473       2
  9474       3
  9475       2
  9476       2
  9477       3
  9478       4
  9479       4
  9480       3
  9481       1
  9482       4
  9483       3
  9484       3
  9485       1
  9486       4
  9487       2
  9488       1
  9489       4
  9490       2
  9491       2
  9492       4
  9493       3
  9494       6
  9495       1
  9496       5
  9497       4
  9498       5
  9499       3
  9500       1
  9501       2
  9502       2
  9503       2
  9504       2
  9505       3
  9506       4
  9507       4
  9508       2
  9509       0
  9510       3
  9511       4
  9512       3
  9513       3
  9514       3
  9515       2
  9516       2
  9517       2
  9518       4
  9519       1
  9520       3
  9521       4
  9522       3
  9523       4
  9524       2
  9525       4
  9526       0
  9527       3
  9528       4
  9529       0
  9530       2
  9531       3
  9532       1
  9533       1
  9534       2
  9535       3
  9536       2
  9537       1
  9538       4
  9539       3
  9540       1
  9541       2
  9542       3
  9543       2
  9544       3
  9545       6
  9546       1
  9547       2
  9548       4
  9549       1
  9550       5
  9551       5
  9552       3
  9553       6
  9554       0
  9555       1
  9556       1
  9557       2
  9558       4
  9559       3
  9560       4
  9561       1
  9562       3
  9563       2
  9564       1
  9565       0
  9566       2
  9567       3
  9568       2
  9569       1
  9570       4
  9571       4
  9572       2
  9573       3
  9574       1
  9575       2
  9576       2
  9577       1
  9578       4
  9579       5
  9580       2
  9581       2
  9582       1
  9583       2
  9584       0
  9585       6
  9586       5
  9587       2
  9588       3
  9589       4
  9590       5
  9591       4
  9592       2
  9593       2
  9594       2
  9595       0
  9596       1
  9597       1
  9598       1
  9599       3
  9600       2
  9601       3
  9602       2
  9603       0
  9604       2
  9605       3
  9606       5
  9607       2
  9608       3
  9609       1
  9610       1
  9611       3
  9612       3
  9613       1
  9614       0
  9615       1
  9616       2
  9617       2
  9618       0
  9619       3
  9620       1
  9621       3
  9622       1
  9623       4
  9624       5
  9625       1
  9626       2
  9627       1
  9628       3
  9629       4
  9630       2
  9631       1
  9632       2
  9633       1
  9634       2
  9635       2
  9636       0
  9637       1
  9638       1
  9639       5
  9640       2
  9641       2
  9642       3
  9643       3
  9644       2
  9645       2
  9646       3
  9647       2
  9648       4
  9649       4
  9650       3
  9651       6
  9652       2
  9653       3
  9654       6
  9655       1
  9656       4
  9657       0
  9658       3
  9659       5
  9660       4
  9661       2
  9662       6
  9663       1
  9664       2
  9665       4
  9666       3
  9667       4
  9668       1
  9669       1
  9670       2
  9671       1
  9672       0
  9673       2
  9674       1
  9675       1
  9676       2
  9677       0
  9678       4
  9679       6
  9680       2
  9681       5
  9682       2
  9683       4
  9684       2
  9685       4
  9686       2
  9687       1
  9688       1
  9689       2
  9690       2
  9691       3
  9692       1
  9693       3
  9694       1
  9695       1
  9696       1
  9697       2
  9698       4
  9699       1
  9700       1
  9701       3
  9702       1
  9703       6
  9704       0
  9705       2
  9706       1
  9707       2
  9708       2
  9709       1
  9710       3
  9711       1
  9712       0
  9713       2
  9714       0
  9715       1
  9716       1
  9717       0
  9718       2
  9719       0
  9720       3
  9721       3
  9722       1
  9723       1
  9724       3
  9725       1
  9726       2
  9727       1
  9728       5
  9729       1
  9730       6
  9731       3
  9732       3
  9733       0
  9734       3
  9735       2
  9736       1
  9737       1
  9738       3
  9739       2
  9740       3
  9741       2
  9742       3
  9743       5
  9744       2
  9745       3
  9746       0
  9747       1
  9748       0
  9749       1
  9750       2
  9751       2
  9752       2
  9753       3
  9754       0
  9755       2
  9756       4
  9757       2
  9758       4
  9759       1
  9760       4
  9761       2
  9762       3
  9763       1
  9764       1
  9765       3
  9766       0
  9767       1
  9768       1
  9769       2
  9770       0
  9771       1
  9772       3
  9773       4
  9774       1
  9775       3
  9776       0
  9777       0
  9778       2
  9779       1
  9780       1
  9781       1
  9782       3
  9783       3
  9784       2
  9785       1
  9786       2
  9787       1
  9788       1
  9789       1
  9790       2
  9791       1
  9792       1
  9793       2
  9794       1
  9795       1
  9796       1
  9797       1
  9798       1
  9799       1
  9800       2
  9801       1
  9802       2
  9803       4
  9804       2
  9805       2
  9806       3
  9807       3
  9808       1
  9809       1
  9810       0
  9811       2
  9812       1
  9813       3
  9814       2
  9815       2
  9816       0
  9817       1
  9818       2
  9819       3
  9820       2
  9821       1
  9822       1
  9823       2
  9824       2
  9825       1
  9826       1
  9827       0
  9828       3
  9829       3
  9830       1
  9831       0
  9832       2
  9833       2
  9834       1
  9835       0
  9836       4
  9837       1
  9838       7
  9839       3
  9840       4
  9841       4
  9842       1
  9843       2
  9844       2
  9845       1
  9846       3
  9847       3
  9848       5
  9849       0
  9850       0
  9851       1
  9852       6
  9853       2
  9854       0
  9855       1
  9856       1
  9857       0
  9858       1
  9859       2
  9860       0
  9861       1
  9862       3
  9863       1
  9864       0
  9865       2
  9866       3
  9867       2
  9868       2
  9869       4
  9870       1
  9871       3
  9872       1
  9873       2
  9874       4
  9875       1
  9876       3
  9877       2
  9878       1
  9879       2
  9880       0
  9881       0
  9882       1
  9883       3
  9884       0
  9885       1
  9886       2
  9887       3
  9888       1
  9889       2
  9890       1
  9891       1
  9892       3
  9893       0
  9894       3
  9895       1
  9896       0
  9897       0
  9898       1
  9899       0
  9900       1
  9901       0
  9902       3
  9903       4
  9904       5
  9905       3
  9906       1
  9907       2
  9908       2
  9909       1
  9910       4
  9911       1
  9912       2
  9913       7
  9914       1
  9915       2
  9916       1
  9917       2
  9918       2
  9919       2
  9920       3
  9921       3
  9922       3
  9923       2
  9924       1
  9925       2
  9926       1
  9927       4
  9928       0
  9929       1
  9930       0
  9931       0
  9932       1
  9933       3
  9934       2
  9935       3
  9936       2
  9937       2
  9938       0
  9939       1
  9940       5
  9941       1
  9942       1
  9943       0
  9944       3
  9945       3
  9946       2
  9947       2
  9948       2
  9949       0
  9950       1
  9951       0
  9952       0
  9953       1
  9954       0
  9955       2
  9956       1
  9957       1
  9958       3
  9959       0
  9960       1
  9961       1
  9962       1
  9963       1
  9964       1
  9965       1
  9966       1
  9967       0
  9968       0
  9969       1
  9970       0
  9971       2
  9972       2
  9973       0
  9974       3
  9975       2
  9976       3
  9977       1
  9978       2
  9979       3
  9980       4
  9981       1
  9982       1
  9983       1
  9984       2
  9985       3
  9986       3
  9987       2
  9988       1
  9989       0
  9990       2
  9991       0
  9992       0
  9993       1
  9994       1
  9995       2
  9996       1
  9997       3
  9998       4
  9999       2
 10000       2
 10001       1
 10002       6
 10003       0
 10004       2
 10005       0
 10006       0
 10007       2
 10008       0
 10009       1
 10010       1
 10011       2
 10012       0
 10013       0
 10014       0
 10015       2
 10016       2
 10017       2
 10018       2
 10019       0
 10020       3
 10021       0
 10022       3
 10023       1
 10024       0
 10025       0
 10026       2
 10027       0
 10028       1
 10029       0
 10030       1
 10031       0
 10032       0
 10033       2
 10034       1
 10035       3
 10036       1
 10037       1
 10038       3
 10039       3
 10040       3
 10041       2
 10042       1
 10043       2
 10044       0
 10045       0
 10046       4
 10047       1
 10048       2
 10049       1
 10050       0
 10051       1
 10052       0
 10053       2
 10054       3
 10055       1
 10056       3
 10057       0
 10058       0
 10059       0
 10060       0
 10061       2
 10062       2
 10063       3
 10064       1
 10065       1
 10066       0
 10067       1
 10068       1
 10069       1
 10070       0
 10071       1
 10072       1
 10073       4
 10074       0
 10075       1
 10076       2
 10077       2
 10078       1
 10079       2
 10080       1
 10081       0
 10082       1
 10083       2
 10084       1
 10085       1
 10086       1
 10087       0
 10088       3
 10089       0
 10090       0
 10091       1
 10092       1
 10093       0
 10094       1
 10095       2
 10096       1
 10097       1
 10098       1
 10099       0
 10100       0
 10101       2
 10102       0
 10103       0
 10104       2
 10105       3
 10106       2
 10107       1
 10108       2
 10109       1
 10110       0
 10111       2
 10112       2
 10113       1
 10114       1
 10115       2
 10116       0
 10117       0
 10118       2
 10119       4
 10120       2
 10121       1
 10122       1
 10123       0
 10124       1
 10125       2
 10126       2
 10127       3
 10128       0
 10129       0
 10130       0
 10131       3
 10132       1
 10133       1
 10134       0
 10135       0
 10136       0
 10137       2
 10138       1
 10139       1
 10140       1
 10141       3
 10142       2
 10143       2
 10144       2
 10145       0
 10146       2
 10147       2
 10148       6
 10149       3
 10150       2
 10151       2
 10152       1
 10153       2
 10154       3
 10155       1
 10156       2
 10157       1
 10158       2
 10159       2
 10160       4
 10161       2
 10162       0
 10163       2
 10164       2
 10165       1
 10166       1
 10167       1
 10168       2
 10169       0
 10170       1
 10171       0
 10172       0
 10173       1
 10174       1
 10175       1
 10176       2
 10177       3
 10178       2
 10179       0
 10180       2
 10181       2
 10182       3
 10183       1
 10184       2
 10185       3
 10186       1
 10187       2
 10188       0
 10189       1
 10190       0
 10191       0
 10192       1
 10193       1
 10194       0
 10195       2
 10196       0
 10197       1
 10198       2
 10199       1
 10200       1
 10201       1
 10202       2
 10203       3
 10204       2
 10205       0
 10206       3
 10207       1
 10208       0
 10209       4
 10210       1
 10211       1
 10212       1
 10213       1
 10214       1
 10215       1
 10216       0
 10217       3
 10218       1
 10219       0
 10220       0
 10221       1
 10222       1
 10223       3
 10224       3
 10225       1
 10226       2
 10227       0
 10228       2
 10229       1
 10230       1
 10231       2
 10232       0
 10233       1
 10234       2
 10235       2
 10236       1
 10237       1
 10238       1
 10239       1
 10240       1
 10241       3
 10242       3
 10243       0
 10244       1
 10245       3
 10246       2
 10247       0
 10248       0
 10249       4
 10250       1
 10251       2
 10252       0
 10253       1
 10254       1
 10255       1
 10256       3
 10257       1
 10258       2
 10259       3
 10260       1
 10261       1
 10262       2
 10263       1
 10264       1
 10265       1
 10266       4
 10267       2
 10268       1
 10269       2
 10270       2
 10271       1
 10272       0
 10273       0
 10274       2
 10275       1
 10276       3
 10277       0
 10278       0
 10279       0
 10280       0
 10281       0
 10282       3
 10283       1
 10284       2
 10285       2
 10286       3
 10287       2
 10288       3
 10289       1
 10290       1
 10291       1
 10292       3
 10293       0
 10294       0
 10295       2
 10296       2
 10297       1
 10298       2
 10299       4
 10300       0
 10301       3
 10302       1
 10303       3
 10304       3
 10305       2
 10306       1
 10307       3
 10308       0
 10309       0
 10310       1
 10311       0
 10312       4
 10313       1
 10314       1
 10315       2
 10316       1
 10317       1
 10318       0
 10319       1
 10320       0
 10321       1
 10322       1
 10323       1
 10324       2
 10325       0
 10326       0
 10327       2
 10328       2
 10329       0
 10330       0
 10331       1
 10332       1
 10333       1
 10334       2
 10335       2
 10336       0
 10337       0
 10338       2
 10339       1
 10340       2
 10341       1
 10342       3
 10343       2
 10344       0
 10345       2
 10346       0
 10347       2
 10348       2
 10349       2
 10350       2
 10351       2
 10352       2
 10353       1
 10354       3
 10355       1
 10356       2
 10357       3
 10358       0
 10359       2
 10360       1
 10361       0
 10362       1
 10363       1
 10364       0
 10365       1
 10366       2
 10367       1
 10368       1
 10369       0
 10370       0
 10371       1
 10372       2
 10373       3
 10374       1
 10375       0
 10376       1
 10377       2
 10378       1
 10379       0
 10380       2
 10381       2
 10382       1
 10383       3
 10384       2
 10385       1
 10386       3
 10387       1
 10388       2
 10389       1
 10390       1
 10391       0
 10392       0
 10393       5
 10394       0
 10395       4
 10396       1
 10397       1
 10398       2
 10399       1
 10400       0
 10401       0
 10402       0
 10403       1
 10404       2
 10405       2
 10406       1
 10407       2
 10408       1
 10409       0
 10410       0
 10411       3
 10412       0
 10413       1
 10414       0
 10415       2
 10416       2
 10417       3
 10418       1
 10419       0
 10420       4
 10421       1
 10422       2
 10423       0
 10424       1
 10425       2
 10426       2
 10427       2
 10428       0
 10429       3
 10430       2
 10431       4
 10432       3
 10433       6
 10434       4
 10435       3
 10436       9
 10437       8
 10438      21
 10439      32
 10440      29
 10441      47
 10442      73
 10443      94
 10444     143
 10445     169
 10446     218
 10447     243
 10448     282
 10449     335
 10450     410
 10451     434
 10452     459
 10453     481
 10454     487
 10455     575
 10456     529
 10457     454
 10458     452
 10459     439
 10460     388
 10461     328
 10462     294
 10463     243
 10464     189
 10465     149
 10466     120
 10467     114
 10468      60
 10469      53
 10470      31
 10471      20
 10472      14
 10473      14
 10474       4
 10475       5
 10476       4
 10477       2
 10478       2
 10479       3
 10480       2
 10481       3
 10482       1
 10483       0
 10484       2
 10485       1
 10486       0
 10487       1
 10488       0
 10489       0
 10490       1
 10491       1
 10492       0
 10493       2
 10494       1
 10495       0
 10496       0
 10497       0
 10498       1
 10499       0
 10500       1
 10501       1
 10502       0
 10503       3
 10504       0
 10505       2
 10506       1
 10507       1
 10508       0
 10509       2
 10510       0
 10511       2
 10512       1
 10513       2
 10514       2
 10515       1
 10516       2
 10517       0
 10518       1
 10519       0
 10520       1
 10521       1
 10522       1
 10523       0
 10524       2
 10525       1
 10526       1
 10527       0
 10528       1
 10529       1
 10530       0
 10531       0
 10532       1
 10533       1
 10534       0
 10535       1
 10536       0
 10537       1
 10538       2
 10539       1
 10540       0
 10541       1
 10542       0
 10543       1
 10544       1
 10545       0
 10546       3
 10547       1
 10548       1
 10549       1
 10550       3
 10551       1
 10552       0
 10553       0
 10554       2
 10555       0
 10556       2
 10557       0
 10558       2
 10559       1
 10560       0
 10561       2
 10562       1
 10563       3
 10564       0
 10565       0
 10566       0
 10567       1
 10568       0
 10569       0
 10570       0
 10571       1
 10572       0
 10573       0
 10574       1
 10575       0
 10576       1
 10577       0
 10578       0
 10579       2
 10580       0
 10581       1
 10582       1
 10583       0
 10584       0
 10585       1
 10586       1
 10587       1
 10588       1
 10589       3
 10590       0
 10591       2
 10592       0
 10593       0
 10594       0
 10595       0
 10596       1
 10597       0
 10598       0
 10599       3
 10600       0
 10601       0
 10602       1
 10603       0
 10604       0
 10605       1
 10606       0
 10607       1
 10608       2
 10609       2
 10610       1
 10611       0
 10612       1
 10613       3
 10614       0
 10615       0
 10616       1
 10617       3
 10618       1
 10619       0
 10620       0
 10621       0
 10622       0
 10623       2
 10624       0
 10625       2
 10626       0
 10627       0
 10628       0
 10629       1
 10630       0
 10631       0
 10632       0
 10633       0
 10634       1
 10635       1
 10636       0
 10637       1
 10638       2
 10639       0
 10640       0
 10641       1
 10642       2
 10643       1
 10644       2
 10645       0
 10646       0
 10647       0
 10648       3
 10649       0
 10650       0
 10651       1
 10652       0
 10653       1
 10654       1
 10655       1
 10656       0
 10657       0
 10658       1
 10659       0
 10660       0
 10661       1
 10662       1
 10663       0
 10664       1
 10665       2
 10666       0
 10667       3
 10668       0
 10669       2
 10670       0
 10671       1
 10672       1
 10673       1
 10674       1
 10675       2
 10676       0
 10677       2
 10678       1
 10679       1
 10680       0
 10681       0
 10682       2
 10683       3
 10684       0
 10685       0
 10686       4
 10687       0
 10688       2
 10689       1
 10690       0
 10691       1
 10692       1
 10693       1
 10694       0
 10695       3
 10696       1
 10697       1
 10698       1
 10699       1
 10700       1
 10701       2
 10702       0
 10703       1
 10704       0
 10705       2
 10706       2
 10707       2
 10708       0
 10709       3
 10710       0
 10711       0
 10712       2
 10713       0
 10714       0
 10715       1
 10716       1
 10717       1
 10718       0
 10719       1
 10720       0
 10721       1
 10722       0
 10723       0
 10724       0
 10725       0
 10726       1
 10727       2
 10728       0
 10729       1
 10730       1
 10731       0
 10732       0
 10733       1
 10734       0
 10735       0
 10736       0
 10737       0
 10738       3
 10739       1
 10740       0
 10741       1
 10742       0
 10743       2
 10744       0
 10745       0
 10746       1
 10747       1
 10748       0
 10749       0
 10750       1
 10751       1
 10752       1
 10753       1
 10754       3
 10755       0
 10756       0
 10757       0
 10758       2
 10759       0
 10760       1
 10761       2
 10762       0
 10763       0
 10764       1
 10765       1
 10766       1
 10767       0
 10768       0
 10769       1
 10770       0
 10771       3
 10772       2
 10773       2
 10774       0
 10775       0
 10776       0
 10777       0
 10778       1
 10779       1
 10780       0
 10781       0
 10782       1
 10783       0
 10784       2
 10785       1
 10786       1
 10787       1
 10788       1
 10789       2
 10790       0
 10791       0
 10792       1
 10793       1
 10794       2
 10795       0
 10796       3
 10797       1
 10798       3
 10799       0
 10800       2
 10801       1
 10802       2
 10803       1
 10804       0
 10805       0
 10806       0
 10807       0
 10808       1
 10809       0
 10810       0
 10811       1
 10812       1
 10813       0
 10814       1
 10815       0
 10816       0
 10817       2
 10818       1
 10819       0
 10820       1
 10821       2
 10822       1
 10823       1
 10824       1
 10825       0
 10826       2
 10827       1
 10828       0
 10829       3
 10830       1
 10831       1
 10832       0
 10833       0
 10834       0
 10835       2
 10836       1
 10837       0
 10838       1
 10839       0
 10840       4
 10841       0
 10842       2
 10843       0
 10844       0
 10845       0
 10846       0
 10847       2
 10848       5
 10849       0
 10850       3
 10851       1
 10852       2
 10853       0
 10854       0
 10855       1
 10856       0
 10857       3
 10858       0
 10859       2
 10860       0
 10861       0
 10862       1
 10863       1
 10864       0
 10865       0
 10866       1
 10867       1
 10868       1
 10869       0
 10870       1
 10871       1
 10872       0
 10873       2
 10874       0
 10875       2
 10876       0
 10877       3
 10878       1
 10879       1
 10880       3
 10881       2
 10882       1
 10883       1
 10884       0
 10885       3
 10886       3
 10887       1
 10888       0
 10889       1
 10890       2
 10891       0
 10892       0
 10893       0
 10894       1
 10895       2
 10896       0
 10897       1
 10898       2
 10899       2
 10900       0
 10901       1
 10902       1
 10903       2
 10904       1
 10905       0
 10906       1
 10907       0
 10908       1
 10909       0
 10910       0
 10911       1
 10912       0
 10913       1
 10914       2
 10915       1
 10916       1
 10917       0
 10918       1
 10919       1
 10920       0
 10921       2
 10922       1
 10923       1
 10924       1
 10925       1
 10926       2
 10927       0
 10928       0
 10929       0
 10930       2
 10931       1
 10932       0
 10933       1
 10934       2
 10935       1
 10936       0
 10937       1
 10938       1
 10939       1
 10940       0
 10941       1
 10942       1
 10943       1
 10944       0
 10945       1
 10946       0
 10947       2
 10948       1
 10949       0
 10950       1
 10951       0
 10952       0
 10953       1
 10954       0
 10955       2
 10956       0
 10957       0
 10958       0
 10959       1
 10960       2
 10961       2
 10962       1
 10963       1
 10964       1
 10965       1
 10966       2
 10967       1
 10968       2
 10969       3
 10970       1
 10971       0
 10972       2
 10973       1
 10974       2
 10975       1
 10976       1
 10977       1
 10978       3
 10979       1
 10980       0
 10981       2
 10982       3
 10983       2
 10984       1
 10985       1
 10986       1
 10987       0
 10988       2
 10989       2
 10990       3
 10991       0
 10992       1
 10993       0
 10994       1
 10995       1
 10996       1
 10997       1
 10998       2
 10999       1
 11000       2
 11001       2
 11002       0
 11003       3
 11004       0
 11005       2
 11006       1
 11007       2
 11008       0
 11009       1
 11010       0
 11011       1
 11012       1
 11013       1
 11014       2
 11015       1
 11016       1
 11017       0
 11018       0
 11019       1
 11020       0
 11021       1
 11022       1
 11023       1
 11024       1
 11025       0
 11026       0
 11027       0
 11028       1
 11029       0
 11030       1
 11031       0
 11032       0
 11033       0
 11034       1
 11035       0
 11036       0
 11037       0
 11038       2
 11039       1
 11040       0
 11041       1
 11042       1
 11043       0
 11044       0
 11045       1
 11046       1
 11047       0
 11048       1
 11049       2
 11050       0
 11051       4
 11052       1
 11053       2
 11054       0
 11055       0
 11056       1
 11057       1
 11058       0
 11059       0
 11060       1
 11061       0
 11062       0
 11063       2
 11064       0
 11065       1
 11066       0
 11067       0
 11068       0
 11069       0
 11070       0
 11071       0
 11072       2
 11073       0
 11074       1
 11075       0
 11076       2
 11077       0
 11078       2
 11079       0
 11080       0
 11081       1
 11082       0
 11083       1
 11084       0
 11085       1
 11086       3
 11087       0
 11088       2
 11089       0
 11090       0
 11091       1
 11092       0
 11093       1
 11094       1
 11095       0
 11096       0
 11097       0
 11098       0
 11099       2
 11100       1
 11101       0
 11102       2
 11103       1
 11104       1
 11105       0
 11106       1
 11107       1
 11108       0
 11109       0
 11110       0
 11111       1
 11112       0
 11113       3
 11114       0
 11115       0
 11116       0
 11117       3
 11118       0
 11119       1
 11120       2
 11121       0
 11122       1
 11123       1
 11124       0
 11125       0
 11126       0
 11127       1
 11128       0
 11129       1
 11130       0
 11131       1
 11132       2
 11133       2
 11134       1
 11135       1
 11136       1
 11137       1
 11138       0
 11139       1
 11140       1
 11141       0
 11142       2
 11143       0
 11144       0
 11145       1
 11146       1
 11147       0
 11148       0
 11149       0
 11150       0
 11151       1
 11152       0
 11153       0
 11154       0
 11155       2
 11156       0
 11157       1
 11158       1
 11159       2
 11160       1
 11161       1
 11162       3
 11163       1
 11164       1
 11165       0
 11166       0
 11167       0
 11168       1
 11169       1
 11170       3
 11171       0
 11172       1
 11173       2
 11174       0
 11175       0
 11176       1
 11177       0
 11178       3
 11179       0
 11180       0
 11181       1
 11182       1
 11183       0
 11184       2
 11185       2
 11186       1
 11187       1
 11188       3
 11189       0
 11190       1
 11191       0
 11192       1
 11193       0
 11194       1
 11195       0
 11196       0
 11197       1
 11198       1
 11199       2
 11200       1
 11201       3
 11202       0
 11203       0
 11204       0
 11205       1
 11206       1
 11207       0
 11208       0
 11209       1
 11210       4
 11211       0
 11212       2
 11213       2
 11214       0
 11215       1
 11216       1
 11217       2
 11218       0
 11219       0
 11220       1
 11221       1
 11222       1
 11223       1
 11224       1
 11225       1
 11226       1
 11227       1
 11228       0
 11229       0
 11230       1
 11231       0
 11232       3
 11233       2
 11234       0
 11235       3
 11236       0
 11237       0
 11238       0
 11239       0
 11240       1
 11241       0
 11242       0
 11243       0
 11244       1
 11245       0
 11246       0
 11247       1
 11248       1
 11249       0
 11250       0
 11251       1
 11252       0
 11253       1
 11254       0
 11255       0
 11256       0
 11257       0
 11258       2
 11259       0
 11260       1
 11261       0
 11262       2
 11263       0
 11264       0
 11265       0
 11266       0
 11267       0
 11268       2
 11269       0
 11270       1
 11271       1
 11272       1
 11273       1
 11274       0
 11275       0
 11276       1
 11277       0
 11278       3
 11279       1
 11280       1
 11281       0
 11282       0
 11283       0
 11284       0
 11285       1
 11286       0
 11287       0
 11288       2
 11289       2
 11290       0
 11291       2
 11292       1
 11293       0
 11294       0
 11295       1
 11296       1
 11297       3
 11298       1
 11299       1
 11300       0
 11301       1
 11302       1
 11303       0
 11304       1
 11305       0
 11306       2
 11307       0
 11308       1
 11309       0
 11310       0
 11311       0
 11312       1
 11313       0
 11314       0
 11315       1
 11316       0
 11317       2
 11318       0
 11319       0
 11320       0
 11321       0
 11322       2
 11323       1
 11324       1
 11325       0
 11326       2
 11327       0
 11328       1
 11329       0
 11330       0
 11331       1
 11332       1
 11333       1
 11334       1
 11335       1
 11336       0
 11337       3
 11338       1
 11339       0
 11340       1
 11341       1
 11342       0
 11343       1
 11344       0
 11345       0
 11346       2
 11347       1
 11348       0
 11349       1
 11350       0
 11351       0
 11352       0
 11353       1
 11354       5
 11355       1
 11356       2
 11357       0
 11358       0
 11359       0
 11360       0
 11361       2
 11362       1
 11363       0
 11364       0
 11365       1
 11366       0
 11367       0
 11368       0
 11369       1
 11370       1
 11371       0
 11372       1
 11373       0
 11374       0
 11375       1
 11376       2
 11377       0
 11378       0
 11379       1
 11380       1
 11381       0
 11382       0
 11383       2
 11384       0
 11385       1
 11386       1
 11387       0
 11388       1
 11389       2
 11390       0
 11391       2
 11392       1
 11393       0
 11394       0
 11395       0
 11396       0
 11397       1
 11398       1
 11399       1
 11400       0
 11401       0
 11402       0
 11403       1
 11404       0
 11405       0
 11406       0
 11407       1
 11408       0
 11409       3
 11410       0
 11411       0
 11412       1
 11413       1
 11414       2
 11415       1
 11416       0
 11417       2
 11418       2
 11419       0
 11420       1
 11421       1
 11422       0
 11423       0
 11424       0
 11425       0
 11426       1
 11427       0
 11428       1
 11429       0
 11430       1
 11431       1
 11432       0
 11433       2
 11434       0
 11435       0
 11436       0
 11437       0
 11438       2
 11439       1
 11440       1
 11441       1
 11442       0
 11443       1
 11444       2
 11445       2
 11446       1
 11447       1
 11448       0
 11449       0
 11450       5
 11451       1
 11452       2
 11453       0
 11454       1
 11455       2
 11456       2
 11457       4
 11458       1
 11459       1
 11460       2
 11461       3
 11462       2
 11463       0
 11464       0
 11465       3
 11466       2
 11467       1
 11468       2
 11469       4
 11470       0
 11471       3
 11472       0
 11473       2
 11474       0
 11475       0
 11476       1
 11477       0
 11478       0
 11479       0
 11480       0
 11481       1
 11482       2
 11483       1
 11484       0
 11485       1
 11486       2
 11487       2
 11488       2
 11489       0
 11490       1
 11491       0
 11492       0
 11493       2
 11494       0
 11495       1
 11496       0
 11497       0
 11498       3
 11499       1
 11500       1
 11501       0
 11502       0
 11503       0
 11504       1
 11505       1
 11506       1
 11507       1
 11508       0
 11509       0
 11510       0
 11511       1
 11512       1
 11513       1
 11514       0
 11515       0
 11516       2
 11517       0
 11518       0
 11519       1
 11520       0
 11521       0
 11522       0
 11523       0
 11524       0
 11525       1
 11526       0
 11527       0
 11528       1
 11529       0
 11530       1
 11531       1
 11532       4
 11533       0
 11534       0
 11535       1
 11536       1
 11537       0
 11538       0
 11539       0
 11540       1
 11541       0
 11542       0
 11543       0
 11544       0
 11545       1
 11546       1
 11547       0
 11548       0
 11549       1
 11550       0
 11551       0
 11552       1
 11553       3
 11554       1
 11555       0
 11556       0
 11557       2
 11558       1
 11559       2
 11560       2
 11561       1
 11562       0
 11563       0
 11564       1
 11565       1
 11566       0
 11567       0
 11568       2
 11569       1
 11570       0
 11571       0
 11572       1
 11573       1
 11574       1
 11575       1
 11576       1
 11577       0
 11578       1
 11579       0
 11580       0
 11581       0
 11582       0
 11583       0
 11584       1
 11585       0
 11586       2
 11587       1
 11588       1
 11589       0
 11590       0
 11591       1
 11592       2
 11593       2
 11594       1
 11595       0
 11596       0
 11597       2
 11598       3
 11599       1
 11600       3
 11601       1
 11602       0
 11603       0
 11604       1
 11605       1
 11606       0
 11607       0
 11608       0
 11609       1
 11610       2
 11611       0
 11612       1
 11613       1
 11614       0
 11615       1
 11616       1
 11617       0
 11618       1
 11619       4
 11620       2
 11621       0
 11622       0
 11623       4
 11624       0
 11625       1
 11626       1
 11627       1
 11628       0
 11629       1
 11630       1
 11631       0
 11632       1
 11633       2
 11634       0
 11635       1
 11636       1
 11637       0
 11638       0
 11639       3
 11640       0
 11641       1
 11642       2
 11643       1
 11644       0
 11645       2
 11646       0
 11647       0
 11648       0
 11649       1
 11650       0
 11651       1
 11652       2
 11653       1
 11654       0
 11655       0
 11656       1
 11657       0
 11658       2
 11659       3
 11660       1
 11661       1
 11662       3
 11663       2
 11664       0
 11665       0
 11666       1
 11667       2
 11668       0
 11669       2
 11670       1
 11671       2
 11672       0
 11673       0
 11674       0
 11675       0
 11676       2
 11677       0
 11678       1
 11679       2
 11680       1
 11681       2
 11682       0
 11683       0
 11684       4
 11685       1
 11686       0
 11687       3
 11688       0
 11689       0
 11690       3
 11691       0
 11692       3
 11693       0
 11694       0
 11695       2
 11696       0
 11697       0
 11698       0
 11699       1
 11700       0
 11701       1
 11702       2
 11703       2
 11704       0
 11705       1
 11706       1
 11707       1
 11708       0
 11709       0
 11710       1
 11711       1
 11712       1
 11713       1
 11714       1
 11715       3
 11716       0
 11717       1
 11718       0
 11719       0
 11720       0
 11721       2
 11722       0
 11723       0
 11724       2
 11725       0
 11726       1
 11727       1
 11728       0
 11729       2
 11730       1
 11731       1
 11732       0
 11733       0
 11734       1
 11735       0
 11736       1
 11737       1
 11738       2
 11739       1
 11740       0
 11741       3
 11742       1
 11743       1
 11744       1
 11745       0
 11746       1
 11747       2
 11748       1
 11749       2
 11750       0
 11751       0
 11752       1
 11753       1
 11754       1
 11755       1
 11756       1
 11757       1
 11758       0
 11759       1
 11760       2
 11761       0
 11762       0
 11763       0
 11764       1
 11765       2
 11766       2
 11767       2
 11768       2
 11769       1
 11770       1
 11771       2
 11772       1
 11773       1
 11774       0
 11775       2
 11776       0
 11777       1
 11778       0
 11779       0
 11780       1
 11781       0
 11782       0
 11783       1
 11784       2
 11785       1
 11786       1
 11787       0
 11788       1
 11789       1
 11790       0
 11791       1
 11792       0
 11793       1
 11794       1
 11795       0
 11796       1
 11797       1
 11798       1
 11799       0
 11800       2
 11801       1
 11802       0
 11803       1
 11804       1
 11805       1
 11806       1
 11807       0
 11808       1
 11809       1
 11810       1
 11811       0
 11812       1
 11813       1
 11814       1
 11815       0
 11816       2
 11817       0
 11818       0
 11819       1
 11820       0
 11821       3
 11822       1
 11823       1
 11824       0
 11825       1
 11826       1
 11827       0
 11828       0
 11829       1
 11830       3
 11831       1
 11832       0
 11833       1
 11834       3
 11835       0
 11836       0
 11837       2
 11838       1
 11839       0
 11840       1
 11841       0
 11842       2
 11843       0
 11844       0
 11845       0
 11846       0
 11847       2
 11848       0
 11849       0
 11850       0
 11851       1
 11852       0
 11853       1
 11854       3
 11855       1
 11856       1
 11857       0
 11858       0
 11859       0
 11860       0
 11861       0
 11862       0
 11863       0
 11864       1
 11865       1
 11866       1
 11867       1
 11868       0
 11869       0
 11870       2
 11871       0
 11872       1
 11873       3
 11874       0
 11875       2
 11876       0
 11877       0
 11878       1
 11879       1
 11880       2
 11881       1
 11882       0
 11883       1
 11884       0
 11885       1
 11886       2
 11887       1
 11888       3
 11889       1
 11890       0
 11891       1
 11892       1
 11893       1
 11894       0
 11895       0
 11896       1
 11897       2
 11898       1
 11899       0
 11900       1
 11901       1
 11902       2
 11903       0
 11904       1
 11905       1
 11906       0
 11907       0
 11908       0
 11909       1
 11910       1
 11911       0
 11912       1
 11913       2
 11914       1
 11915       3
 11916       0
 11917       0
 11918       0
 11919       2
 11920       0
 11921       1
 11922       1
 11923       1
 11924       2
 11925       1
 11926       1
 11927       1
 11928       0
 11929       1
 11930       1
 11931       0
 11932       0
 11933       0
 11934       0
 11935       0
 11936       0
 11937       3
 11938       1
 11939       1
 11940       0
 11941       0
 11942       0
 11943       1
 11944       2
 11945       0
 11946       0
 11947       3
 11948       1
 11949       0
 11950       0
 11951       1
 11952       0
 11953       0
 11954       1
 11955       0
 11956       3
 11957       0
 11958       1
 11959       0
 11960       1
 11961       1
 11962       1
 11963       1
 11964       0
 11965       0
 11966       2
 11967       0
 11968       2
 11969       0
 11970       0
 11971       0
 11972       0
 11973       1
 11974       0
 11975       1
 11976       0
 11977       1
 11978       2
 11979       1
 11980       1
 11981       0
 11982       2
 11983       0
 11984       0
 11985       1
 11986       1
 11987       1
 11988       1
 11989       0
 11990       0
 11991       1
 11992       0
 11993       0
 11994       3
 11995       0
 11996       0
 11997       0
 11998       2
 11999       0
 12000       0
 12001       2
 12002       0
 12003       2
 12004       1
 12005       1
 12006       1
 12007       2
 12008       1
 12009       1
 12010       1
 12011       1
 12012       0
 12013       0
 12014       0
 12015       0
 12016       0
 12017       2
 12018       2
 12019       0
 12020       2
 12021       0
 12022       2
 12023       0
 12024       2
 12025       1
 12026       0
 12027       3
 12028       0
 12029       0
 12030       0
 12031       1
 12032       2
 12033       0
 12034       2
 12035       1
 12036       0
 12037       1
 12038       0
 12039       2
 12040       0
 12041       0
 12042       0
 12043       0
 12044       2
 12045       2
 12046       0
 12047       2
 12048       0
 12049       0
 12050       0
 12051       1
 12052       1
 12053       1
 12054       1
 12055       2
 12056       1
 12057       1
 12058       0
 12059       0
 12060       2
 12061       2
 12062       2
 12063       0
 12064       0
 12065       1
 12066       1
 12067       4
 12068       2
 12069       1
 12070       0
 12071       0
 12072       0
 12073       0
 12074       2
 12075       1
 12076       2
 12077       0
 12078       0
 12079       1
 12080       0
 12081       1
 12082       1
 12083       2
 12084       1
 12085       0
 12086       1
 12087       2
 12088       0
 12089       0
 12090       1
 12091       1
 12092       1
 12093       0
 12094       2
 12095       1
 12096       1
 12097       0
 12098       1
 12099       0
 12100       0
 12101       1
 12102       1
 12103       1
 12104       1
 12105       0
 12106       0
 12107       1
 12108       1
 12109       1
 12110       0
 12111       2
 12112       0
 12113       1
 12114       1
 12115       0
 12116       0
 12117       0
 12118       0
 12119       0
 12120       1
 12121       0
 12122       0
 12123       0
 12124       2
 12125       1
 12126       0
 12127       1
 12128       1
 12129       1
 12130       1
 12131       1
 12132       1
 12133       0
 12134       0
 12135       0
 12136       0
 12137       1
 12138       0
 12139       2
 12140       0
 12141       0
 12142       3
 12143       2
 12144       0
 12145       1
 12146       0
 12147       3
 12148       1
 12149       0
 12150       2
 12151       0
 12152       0
 12153       0
 12154       0
 12155       0
 12156       1
 12157       1
 12158       0
 12159       0
 12160       0
 12161       1
 12162       0
 12163       1
 12164       1
 12165       1
 12166       0
 12167       1
 12168       0
 12169       1
 12170       0
 12171       0
 12172       1
 12173       0
 12174       1
 12175       0
 12176       0
 12177       0
 12178       0
 12179       1
 12180       0
 12181       0
 12182       0
 12183       0
 12184       1
 12185       0
 12186       0
 12187       0
 12188       0
 12189       2
 12190       0
 12191       2
 12192       2
 12193       1
 12194       1
 12195       0
 12196       0
 12197       1
 12198       1
 12199       1
 12200       1
 12201       1
 12202       0
 12203       0
 12204       2
 12205       0
 12206       1
 12207       2
 12208       1
 12209       0
 12210       1
 12211       0
 12212       0
 12213       0
 12214       2
 12215       1
 12216       1
 12217       1
 12218       0
 12219       0
 12220       2
 12221       1
 12222       1
 12223       1
 12224       0
 12225       1
 12226       1
 12227       0
 12228       0
 12229       1
 12230       3
 12231       1
 12232       0
 12233       2
 12234       0
 12235       1
 12236       0
 12237       0
 12238       1
 12239       2
 12240       0
 12241       0
 12242       1
 12243       0
 12244       0
 12245       1
 12246       0
 12247       1
 12248       2
 12249       1
 12250       2
 12251       1
 12252       0
 12253       1
 12254       2
 12255       3
 12256       2
 12257       0
 12258       1
 12259       1
 12260       0
 12261       1
 12262       0
 12263       1
 12264       0
 12265       0
 12266       0
 12267       2
 12268       0
 12269       0
 12270       2
 12271       1
 12272       0
 12273       1
 12274       3
 12275       1
 12276       1
 12277       1
 12278       2
 12279       1
 12280       2
 12281       0
 12282       2
 12283       2
 12284       0
 12285       0
 12286       1
 12287       0
 12288       0
 12289       1
 12290       1
 12291       0
 12292       0
 12293       2
 12294       1
 12295       0
 12296       1
 12297       0
 12298       1
 12299       1
 12300       0
 12301       0
 12302       1
 12303       0
 12304       2
 12305       0
 12306       1
 12307       0
 12308       0
 12309       0
 12310       1
 12311       0
 12312       0
 12313       1
 12314       0
 12315       0
 12316       0
 12317       1
 12318       0
 12319       0
 12320       0
 12321       0
 12322       0
 12323       0
 12324       0
 12325       2
 12326       1
 12327       0
 12328       1
 12329       1
 12330       0
 12331       1
 12332       1
 12333       2
 12334       2
 12335       1
 12336       2
 12337       0
 12338       1
 12339       1
 12340       1
 12341       0
 12342       1
 12343       1
 12344       1
 12345       0
 12346       0
 12347       1
 12348       0
 12349       0
 12350       1
 12351       2
 12352       1
 12353       1
 12354       0
 12355       1
 12356       1
 12357       0
 12358       1
 12359       2
 12360       1
 12361       0
 12362       1
 12363       2
 12364       1
 12365       0
 12366       0
 12367       1
 12368       1
 12369       1
 12370       1
 12371       1
 12372       0
 12373       0
 12374       0
 12375       1
 12376       2
 12377       0
 12378       2
 12379       1
 12380       0
 12381       2
 12382       2
 12383       1
 12384       0
 12385       0
 12386       0
 12387       4
 12388       0
 12389       1
 12390       0
 12391       1
 12392       0
 12393       1
 12394       0
 12395       1
 12396       0
 12397       0
 12398       2
 12399       0
 12400       0
 12401       0
 12402       0
 12403       0
 12404       0
 12405       0
 12406       1
 12407       0
 12408       1
 12409       0
 12410       0
 12411       0
 12412       1
 12413       1
 12414       1
 12415       1
 12416       0
 12417       1
 12418       0
 12419       2
 12420       0
 12421       0
 12422       0
 12423       0
 12424       0
 12425       1
 12426       2
 12427       0
 12428       1
 12429       1
 12430       1
 12431       2
 12432       0
 12433       0
 12434       0
 12435       1
 12436       1
 12437       1
 12438       0
 12439       0
 12440       1
 12441       0
 12442       2
 12443       0
 12444       1
 12445       0
 12446       0
 12447       3
 12448       0
 12449       0
 12450       0
 12451       1
 12452       0
 12453       2
 12454       1
 12455       0
 12456       0
 12457       0
 12458       0
 12459       1
 12460       3
 12461       2
 12462       0
 12463       0
 12464       0
 12465       0
 12466       2
 12467       0
 12468       1
 12469       0
 12470       0
 12471       0
 12472       2
 12473       1
 12474       1
 12475       1
 12476       0
 12477       0
 12478       3
 12479       1
 12480       1
 12481       0
 12482       1
 12483       0
 12484       1
 12485       0
 12486       0
 12487       0
 12488       0
 12489       0
 12490       0
 12491       2
 12492       3
 12493       1
 12494       1
 12495       0
 12496       0
 12497       1
 12498       0
 12499       1
 12500       0
 12501       0
 12502       1
 12503       0
 12504       2
 12505       0
 12506       0
 12507       1
 12508       1
 12509       1
 12510       0
 12511       0
 12512       1
 12513       0
 12514       1
 12515       0
 12516       0
 12517       2
 12518       0
 12519       0
 12520       0
 12521       0
 12522       1
 12523       0
 12524       2
 12525       0
 12526       0
 12527       0
 12528       0
 12529       0
 12530       1
 12531       0
 12532       1
 12533       0
 12534       0
 12535       0
 12536       2
 12537       0
 12538       2
 12539       0
 12540       1
 12541       1
 12542       1
 12543       1
 12544       0
 12545       2
 12546       2
 12547       2
 12548       0
 12549       0
 12550       1
 12551       0
 12552       0
 12553       0
 12554       0
 12555       0
 12556       1
 12557       1
 12558       0
 12559       0
 12560       1
 12561       0
 12562       0
 12563       0
 12564       1
 12565       1
 12566       0
 12567       0
 12568       0
 12569       2
 12570       0
 12571       1
 12572       1
 12573       0
 12574       1
 12575       0
 12576       0
 12577       3
 12578       0
 12579       0
 12580       1
 12581       1
 12582       1
 12583       0
 12584       0
 12585       3
 12586       0
 12587       1
 12588       3
 12589       1
 12590       1
 12591       0
 12592       0
 12593       0
 12594       0
 12595       1
 12596       1
 12597       0
 12598       1
 12599       0
 12600       0
 12601       1
 12602       1
 12603       1
 12604       1
 12605       0
 12606       0
 12607       2
 12608       1
 12609       0
 12610       2
 12611       0
 12612       2
 12613       0
 12614       2
 12615       1
 12616       0
 12617       0
 12618       0
 12619       2
 12620       0
 12621       0
 12622       1
 12623       1
 12624       1
 12625       0
 12626       1
 12627       1
 12628       2
 12629       1
 12630       0
 12631       0
 12632       2
 12633       1
 12634       1
 12635       1
 12636       0
 12637       2
 12638       1
 12639       2
 12640       0
 12641       1
 12642       0
 12643       1
 12644       0
 12645       1
 12646       1
 12647       0
 12648       1
 12649       1
 12650       0
 12651       0
 12652       1
 12653       0
 12654       0
 12655       0
 12656       1
 12657       1
 12658       1
 12659       1
 12660       1
 12661       0
 12662       1
 12663       3
 12664       1
 12665       0
 12666       0
 12667       1
 12668       1
 12669       0
 12670       0
 12671       1
 12672       0
 12673       0
 12674       0
 12675       0
 12676       0
 12677       1
 12678       0
 12679       1
 12680       1
 12681       0
 12682       2
 12683       0
 12684       0
 12685       0
 12686       0
 12687       0
 12688       2
 12689       0
 12690       0
 12691       1
 12692       0
 12693       0
 12694       0
 12695       0
 12696       1
 12697       0
 12698       0
 12699       0
 12700       1
 12701       0
 12702       0
 12703       1
 12704       0
 12705       0
 12706       3
 12707       2
 12708       0
 12709       0
 12710       0
 12711       4
 12712       1
 12713       0
 12714       0
 12715       1
 12716       1
 12717       0
 12718       0
 12719       2
 12720       2
 12721       0
 12722       2
 12723       0
 12724       3
 12725       1
 12726       1
 12727       0
 12728       0
 12729       2
 12730       1
 12731       0
 12732       1
 12733       0
 12734       1
 12735       1
 12736       0
 12737       2
 12738       1
 12739       0
 12740       1
 12741       0
 12742       0
 12743       1
 12744       1
 12745       0
 12746       0
 12747       1
 12748       1
 12749       0
 12750       1
 12751       3
 12752       0
 12753       0
 12754       1
 12755       1
 12756       1
 12757       1
 12758       1
 12759       1
 12760       1
 12761       1
 12762       3
 12763       1
 12764       2
 12765       1
 12766       2
 12767       0
 12768       0
 12769       0
 12770       0
 12771       0
 12772       0
 12773       0
 12774       0
 12775       3
 12776       0
 12777       0
 12778       1
 12779       1
 12780       3
 12781       2
 12782       1
 12783       0
 12784       0
 12785       1
 12786       0
 12787       0
 12788       1
 12789       1
 12790       1
 12791       0
 12792       2
 12793       1
 12794       0
 12795       0
 12796       0
 12797       0
 12798       0
 12799       1
 12800       1
 12801       1
 12802       0
 12803       0
 12804       0
 12805       0
 12806       0
 12807       0
 12808       0
 12809       0
 12810       0
 12811       1
 12812       3
 12813       1
 12814       2
 12815       0
 12816       1
 12817       1
 12818       0
 12819       0
 12820       1
 12821       2
 12822       0
 12823       0
 12824       0
 12825       0
 12826       2
 12827       1
 12828       0
 12829       0
 12830       1
 12831       1
 12832       0
 12833       0
 12834       1
 12835       1
 12836       2
 12837       2
 12838       1
 12839       1
 12840       1
 12841       1
 12842       1
 12843       1
 12844       0
 12845       0
 12846       2
 12847       1
 12848       2
 12849       1
 12850       1
 12851       1
 12852       0
 12853       1
 12854       1
 12855       1
 12856       0
 12857       1
 12858       1
 12859       1
 12860       1
 12861       0
 12862       1
 12863       2
 12864       1
 12865       0
 12866       0
 12867       0
 12868       0
 12869       0
 12870       1
 12871       2
 12872       1
 12873       0
 12874       0
 12875       0
 12876       2
 12877       0
 12878       2
 12879       0
 12880       2
 12881       3
 12882       1
 12883       1
 12884       0
 12885       0
 12886       0
 12887       0
 12888       3
 12889       2
 12890       0
 12891       0
 12892       1
 12893       2
 12894       0
 12895       0
 12896       3
 12897       2
 12898       0
 12899       1
 12900       0
 12901       0
 12902       1
 12903       0
 12904       2
 12905       3
 12906       0
 12907       0
 12908       0
 12909       1
 12910       0
 12911       0
 12912       0
 12913       1
 12914       0
 12915       1
 12916       0
 12917       1
 12918       0
 12919       0
 12920       1
 12921       0
 12922       1
 12923       0
 12924       3
 12925       0
 12926       0
 12927       0
 12928       0
 12929       0
 12930       1
 12931       0
 12932       0
 12933       0
 12934       1
 12935       0
 12936       0
 12937       0
 12938       1
 12939       2
 12940       1
 12941       1
 12942       0
 12943       3
 12944       1
 12945       0
 12946       1
 12947       0
 12948       0
 12949       0
 12950       1
 12951       1
 12952       0
 12953       0
 12954       1
 12955       1
 12956       2
 12957       0
 12958       1
 12959       2
 12960       0
 12961       0
 12962       1
 12963       1
 12964       0
 12965       0
 12966       0
 12967       0
 12968       0
 12969       0
 12970       0
 12971       0
 12972       0
 12973       0
 12974       0
 12975       1
 12976       0
 12977       1
 12978       3
 12979       1
 12980       1
 12981       0
 12982       0
 12983       1
 12984       1
 12985       1
 12986       0
 12987       3
 12988       0
 12989       0
 12990       2
 12991       0
 12992       0
 12993       1
 12994       0
 12995       0
 12996       0
 12997       0
 12998       0
 12999       0
 13000       1
 13001       1
 13002       0
 13003       0
 13004       1
 13005       0
 13006       2
 13007       0
 13008       0
 13009       1
 13010       1
 13011       2
 13012       1
 13013       1
 13014       1
 13015       0
 13016       1
 13017       2
 13018       0
 13019       0
 13020       1
 13021       0
 13022       0
 13023       0
 13024       0
 13025       2
 13026       0
 13027       0
 13028       0
 13029       1
 13030       1
 13031       1
 13032       0
 13033       0
 13034       2
 13035       0
 13036       1
 13037       1
 13038       2
 13039       0
 13040       0
 13041       1
 13042       1
 13043       0
 13044       0
 13045       2
 13046       0
 13047       0
 13048       1
 13049       0
 13050       1
 13051       1
 13052       0
 13053       0
 13054       2
 13055       0
 13056       2
 13057       0
 13058       0
 13059       0
 13060       2
 13061       2
 13062       0
 13063       0
 13064       1
 13065       1
 13066       0
 13067       0
 13068       0
 13069       2
 13070       1
 13071       2
 13072       0
 13073       1
 13074       1
 13075       0
 13076       0
 13077       0
 13078       1
 13079       0
 13080       0
 13081       1
 13082       1
 13083       0
 13084       1
 13085       0
 13086       1
 13087       2
 13088       2
 13089       2
 13090       0
 13091       0
 13092       1
 13093       0
 13094       0
 13095       0
 13096       0
 13097       2
 13098       0
 13099       2
 13100       2
 13101       0
 13102       1
 13103       1
 13104       0
 13105       0
 13106       2
 13107       1
 13108       2
 13109       1
 13110       0
 13111       1
 13112       1
 13113       0
 13114       0
 13115       0
 13116       1
 13117       0
 13118       0
 13119       1
 13120       0
 13121       1
 13122       0
 13123       2
 13124       0
 13125       0
 13126       2
 13127       2
 13128       0
 13129       1
 13130       0
 13131       0
 13132       0
 13133       1
 13134       0
 13135       3
 13136       0
 13137       1
 13138       1
 13139       0
 13140       0
 13141       1
 13142       2
 13143       1
 13144       0
 13145       1
 13146       0
 13147       3
 13148       0
 13149       1
 13150       0
 13151       0
 13152       0
 13153       0
 13154       1
 13155       0
 13156       1
 13157       0
 13158       1
 13159       0
 13160       1
 13161       1
 13162       1
 13163       1
 13164       0
 13165       1
 13166       0
 13167       1
 13168       1
 13169       0
 13170       0
 13171       0
 13172       3
 13173       0
 13174       1
 13175       0
 13176       2
 13177       0
 13178       0
 13179       0
 13180       0
 13181       0
 13182       1
 13183       0
 13184       0
 13185       0
 13186       0
 13187       0
 13188       0
 13189       1
 13190       0
 13191       0
 13192       1
 13193       0
 13194       1
 13195       0
 13196       2
 13197       1
 13198       1
 13199       1
 13200       1
 13201       2
 13202       0
 13203       0
 13204       1
 13205       0
 13206       1
 13207       2
 13208       0
 13209       2
 13210       0
 13211       1
 13212       1
 13213       0
 13214       0
 13215       1
 13216       0
 13217       1
 13218       1
 13219       1
 13220       0
 13221       2
 13222       1
 13223       0
 13224       0
 13225       0
 13226       2
 13227       1
 13228       1
 13229       0
 13230       1
 13231       1
 13232       0
 13233       0
 13234       2
 13235       2
 13236       0
 13237       0
 13238       0
 13239       1
 13240       1
 13241       2
 13242       0
 13243       1
 13244       0
 13245       1
 13246       1
 13247       0
 13248       1
 13249       1
 13250       0
 13251       1
 13252       0
 13253       1
 13254       1
 13255       1
 13256       2
 13257       0
 13258       1
 13259       0
 13260       0
 13261       0
 13262       1
 13263       1
 13264       1
 13265       0
 13266       0
 13267       1
 13268       0
 13269       0
 13270       0
 13271       1
 13272       1
 13273       1
 13274       1
 13275       0
 13276       0
 13277       1
 13278       0
 13279       1
 13280       0
 13281       0
 13282       0
 13283       1
 13284       0
 13285       0
 13286       0
 13287       1
 13288       0
 13289       0
 13290       0
 13291       0
 13292       2
 13293       0
 13294       0
 13295       1
 13296       1
 13297       1
 13298       0
 13299       1
 13300       0
 13301       1
 13302       0
 13303       1
 13304       2
 13305       1
 13306       1
 13307       1
 13308       2
 13309       0
 13310       1
 13311       0
 13312       0
 13313       0
 13314       2
 13315       0
 13316       1
 13317       1
 13318       1
 13319       3
 13320       0
 13321       3
 13322       1
 13323       0
 13324       0
 13325       0
 13326       0
 13327       2
 13328       1
 13329       0
 13330       0
 13331       0
 13332       2
 13333       2
 13334       1
 13335       1
 13336       1
 13337       1
 13338       1
 13339       0
 13340       0
 13341       0
 13342       0
 13343       1
 13344       1
 13345       0
 13346       0
 13347       1
 13348       0
 13349       0
 13350       2
 13351       0
 13352       2
 13353       2
 13354       2
 13355       0
 13356       2
 13357       2
 13358       0
 13359       0
 13360       0
 13361       0
 13362       1
 13363       0
 13364       0
 13365       1
 13366       1
 13367       1
 13368       1
 13369       0
 13370       0
 13371       1
 13372       2
 13373       0
 13374       3
 13375       0
 13376       0
 13377       0
 13378       0
 13379       1
 13380       2
 13381       1
 13382       0
 13383       0
 13384       1
 13385       3
 13386       0
 13387       0
 13388       0
 13389       0
 13390       1
 13391       0
 13392       1
 13393       1
 13394       0
 13395       0
 13396       0
 13397       1
 13398       0
 13399       0
 13400       1
 13401       0
 13402       0
 13403       0
 13404       1
 13405       1
 13406       0
 13407       2
 13408       2
 13409       1
 13410       0
 13411       1
 13412       0
 13413       1
 13414       1
 13415       1
 13416       4
 13417       0
 13418       0
 13419       0
 13420       0
 13421       2
 13422       0
 13423       0
 13424       0
 13425       0
 13426       0
 13427       2
 13428       0
 13429       1
 13430       1
 13431       0
 13432       0
 13433       0
 13434       1
 13435       1
 13436       0
 13437       0
 13438       1
 13439       0
 13440       0
 13441       1
 13442       1
 13443       1
 13444       1
 13445       1
 13446       1
 13447       0
 13448       1
 13449       0
 13450       0
 13451       1
 13452       0
 13453       1
 13454       0
 13455       0
 13456       0
 13457       0
 13458       1
 13459       2
 13460       0
 13461       1
 13462       0
 13463       1
 13464       1
 13465       1
 13466       0
 13467       0
 13468       0
 13469       0
 13470       1
 13471       0
 13472       1
 13473       0
 13474       0
 13475       1
 13476       0
 13477       0
 13478       0
 13479       1
 13480       1
 13481       1
 13482       0
 13483       1
 13484       0
 13485       1
 13486       1
 13487       1
 13488       0
 13489       0
 13490       1
 13491       0
 13492       2
 13493       0
 13494       1
 13495       2
 13496       0
 13497       1
 13498       0
 13499       1
 13500       0
 13501       0
 13502       0
 13503       1
 13504       0
 13505       0
 13506       0
 13507       1
 13508       0
 13509       0
 13510       1
 13511       0
 13512       0
 13513       1
 13514       0
 13515       1
 13516       0
 13517       1
 13518       1
 13519       1
 13520       3
 13521       0
 13522       0
 13523       1
 13524       1
 13525       0
 13526       0
 13527       0
 13528       0
 13529       0
 13530       2
 13531       1
 13532       1
 13533       0
 13534       1
 13535       0
 13536       2
 13537       0
 13538       1
 13539       0
 13540       1
 13541       2
 13542       0
 13543       0
 13544       1
 13545       2
 13546       1
 13547       3
 13548       0
 13549       0
 13550       0
 13551       0
 13552       0
 13553       1
 13554       1
 13555       1
 13556       1
 13557       0
 13558       0
 13559       1
 13560       0
 13561       1
 13562       0
 13563       1
 13564       1
 13565       0
 13566       1
 13567       0
 13568       1
 13569       0
 13570       0
 13571       2
 13572       1
 13573       1
 13574       1
 13575       0
 13576       0
 13577       0
 13578       0
 13579       0
 13580       0
 13581       0
 13582       3
 13583       1
 13584       0
 13585       0
 13586       0
 13587       2
 13588       1
 13589       0
 13590       0
 13591       1
 13592       1
 13593       0
 13594       0
 13595       2
 13596       2
 13597       1
 13598       1
 13599       2
 13600       0
 13601       0
 13602       0
 13603       0
 13604       0
 13605       0
 13606       0
 13607       0
 13608       0
 13609       2
 13610       1
 13611       1
 13612       1
 13613       0
 13614       1
 13615       0
 13616       0
 13617       0
 13618       1
 13619       2
 13620       1
 13621       1
 13622       0
 13623       1
 13624       1
 13625       1
 13626       2
 13627       1
 13628       2
 13629       2
 13630       1
 13631       1
 13632       2
 13633       1
 13634       1
 13635       0
 13636       2
 13637       0
 13638       0
 13639       1
 13640       0
 13641       0
 13642       1
 13643       0
 13644       2
 13645       0
 13646       1
 13647       1
 13648       0
 13649       0
 13650       2
 13651       0
 13652       1
 13653       0
 13654       1
 13655       1
 13656       0
 13657       0
 13658       0
 13659       2
 13660       0
 13661       0
 13662       0
 13663       0
 13664       0
 13665       0
 13666       0
 13667       2
 13668       1
 13669       0
 13670       2
 13671       1
 13672       0
 13673       0
 13674       0
 13675       1
 13676       0
 13677       0
 13678       0
 13679       1
 13680       1
 13681       0
 13682       3
 13683       0
 13684       1
 13685       1
 13686       0
 13687       0
 13688       1
 13689       0
 13690       2
 13691       0
 13692       1
 13693       0
 13694       1
 13695       0
 13696       1
 13697       1
 13698       1
 13699       0
 13700       2
 13701       0
 13702       0
 13703       0
 13704       1
 13705       2
 13706       1
 13707       1
 13708       0
 13709       1
 13710       0
 13711       0
 13712       1
 13713       1
 13714       0
 13715       0
 13716       0
 13717       1
 13718       0
 13719       0
 13720       2
 13721       0
 13722       0
 13723       1
 13724       1
 13725       0
 13726       1
 13727       1
 13728       0
 13729       1
 13730       1
 13731       0
 13732       2
 13733       0
 13734       0
 13735       0
 13736       0
 13737       1
 13738       3
 13739       0
 13740       0
 13741       0
 13742       1
 13743       1
 13744       1
 13745       0
 13746       1
 13747       1
 13748       0
 13749       0
 13750       2
 13751       1
 13752       1
 13753       0
 13754       0
 13755       0
 13756       1
 13757       0
 13758       1
 13759       1
 13760       0
 13761       0
 13762       2
 13763       2
 13764       1
 13765       0
 13766       0
 13767       0
 13768       1
 13769       1
 13770       0
 13771       0
 13772       0
 13773       1
 13774       0
 13775       0
 13776       0
 13777       0
 13778       1
 13779       1
 13780       0
 13781       0
 13782       0
 13783       2
 13784       0
 13785       1
 13786       0
 13787       0
 13788       0
 13789       1
 13790       1
 13791       1
 13792       1
 13793       0
 13794       0
 13795       0
 13796       0
 13797       0
 13798       0
 13799       0
 13800       1
 13801       0
 13802       2
 13803       0
 13804       0
 13805       3
 13806       0
 13807       1
 13808       0
 13809       0
 13810       1
 13811       1
 13812       0
 13813       0
 13814       1
 13815       1
 13816       0
 13817       0
 13818       0
 13819       0
 13820       0
 13821       0
 13822       0
 13823       0
 13824       2
 13825       1
 13826       0
 13827       0
 13828       0
 13829       0
 13830       0
 13831       2
 13832       1
 13833       2
 13834       1
 13835       0
 13836       0
 13837       0
 13838       0
 13839       0
 13840       1
 13841       1
 13842       1
 13843       0
 13844       2
 13845       0
 13846       0
 13847       0
 13848       0
 13849       0
 13850       0
 13851       2
 13852       0
 13853       0
 13854       0
 13855       2
 13856       0
 13857       2
 13858       1
 13859       0
 13860       0
 13861       0
 13862       2
 13863       2
 13864       0
 13865       1
 13866       0
 13867       0
 13868       0
 13869       0
 13870       1
 13871       2
 13872       1
 13873       1
 13874       1
 13875       0
 13876       0
 13877       2
 13878       1
 13879       0
 13880       0
 13881       0
 13882       0
 13883       0
 13884       1
 13885       1
 13886       0
 13887       0
 13888       0
 13889       3
 13890       2
 13891       0
 13892       0
 13893       0
 13894       0
 13895       0
 13896       2
 13897       0
 13898       0
 13899       0
 13900       0
 13901       1
 13902       0
 13903       2
 13904       0
 13905       1
 13906       0
 13907       0
 13908       1
 13909       0
 13910       0
 13911       2
 13912       0
 13913       0
 13914       0
 13915       1
 13916       0
 13917       2
 13918       1
 13919       2
 13920       1
 13921       2
 13922       1
 13923       1
 13924       1
 13925       0
 13926       1
 13927       1
 13928       0
 13929       1
 13930       1
 13931       0
 13932       1
 13933       1
 13934       1
 13935       0
 13936       0
 13937       0
 13938       0
 13939       2
 13940       1
 13941       2
 13942       3
 13943       0
 13944       0
 13945       1
 13946       0
 13947       0
 13948       1
 13949       0
 13950       0
 13951       1
 13952       0
 13953       0
 13954       0
 13955       1
 13956       0
 13957       0
 13958       0
 13959       0
 13960       0
 13961       0
 13962       1
 13963       0
 13964       0
 13965       0
 13966       0
 13967       1
 13968       0
 13969       1
 13970       0
 13971       0
 13972       0
 13973       0
 13974       0
 13975       1
 13976       1
 13977       0
 13978       3
 13979       0
 13980       1
 13981       1
 13982       0
 13983       1
 13984       0
 13985       0
 13986       0
 13987       0
 13988       1
 13989       4
 13990       0
 13991       1
 13992       1
 13993       0
 13994       0
 13995       2
 13996       2
 13997       0
 13998       1
 13999       0
 14000       0
 14001       0
 14002       1
 14003       0
 14004       1
 14005       0
 14006       0
 14007       1
 14008       0
 14009       0
 14010       1
 14011       0
 14012       1
 14013       1
 14014       1
 14015       1
 14016       0
 14017       0
 14018       1
 14019       0
 14020       1
 14021       0
 14022       2
 14023       1
 14024       0
 14025       0
 14026       0
 14027       0
 14028       0
 14029       1
 14030       1
 14031       0
 14032       0
 14033       2
 14034       1
 14035       0
 14036       0
 14037       0
 14038       4
 14039       0
 14040       0
 14041       1
 14042       0
 14043       1
 14044       1
 14045       1
 14046       0
 14047       0
 14048       0
 14049       0
 14050       2
 14051       0
 14052       0
 14053       0
 14054       2
 14055       1
 14056       0
 14057       0
 14058       1
 14059       1
 14060       2
 14061       0
 14062       0
 14063       0
 14064       1
 14065       0
 14066       0
 14067       1
 14068       0
 14069       0
 14070       0
 14071       0
 14072       1
 14073       0
 14074       2
 14075       1
 14076       2
 14077       1
 14078       0
 14079       1
 14080       0
 14081       0
 14082       0
 14083       0
 14084       0
 14085       0
 14086       1
 14087       0
 14088       0
 14089       0
 14090       0
 14091       0
 14092       0
 14093       3
 14094       0
 14095       1
 14096       1
 14097       0
 14098       2
 14099       0
 14100       1
 14101       0
 14102       0
 14103       1
 14104       0
 14105       0
 14106       0
 14107       0
 14108       0
 14109       2
 14110       1
 14111       3
 14112       0
 14113       0
 14114       2
 14115       0
 14116       0
 14117       1
 14118       1
 14119       1
 14120       0
 14121       0
 14122       0
 14123       1
 14124       0
 14125       0
 14126       1
 14127       0
 14128       0
 14129       1
 14130       0
 14131       1
 14132       0
 14133       2
 14134       0
 14135       0
 14136       0
 14137       0
 14138       1
 14139       0
 14140       1
 14141       0
 14142       0
 14143       1
 14144       0
 14145       2
 14146       0
 14147       2
 14148       0
 14149       0
 14150       1
 14151       1
 14152       0
 14153       0
 14154       1
 14155       1
 14156       0
 14157       0
 14158       1
 14159       1
 14160       0
 14161       1
 14162       2
 14163       1
 14164       0
 14165       1
 14166       1
 14167       0
 14168       1
 14169       0
 14170       1
 14171       1
 14172       0
 14173       0
 14174       1
 14175       1
 14176       0
 14177       0
 14178       0
 14179       2
 14180       1
 14181       1
 14182       1
 14183       2
 14184       0
 14185       0
 14186       0
 14187       0
 14188       0
 14189       0
 14190       0
 14191       2
 14192       1
 14193       1
 14194       0
 14195       0
 14196       0
 14197       0
 14198       1
 14199       0
 14200       0
 14201       1
 14202       0
 14203       1
 14204       1
 14205       0
 14206       0
 14207       1
 14208       0
 14209       1
 14210       1
 14211       0
 14212       0
 14213       1
 14214       0
 14215       0
 14216       0
 14217       0
 14218       0
 14219       0
 14220       1
 14221       0
 14222       0
 14223       1
 14224       0
 14225       0
 14226       1
 14227       0
 14228       0
 14229       1
 14230       2
 14231       0
 14232       2
 14233       0
 14234       2
 14235       1
 14236       0
 14237       1
 14238       0
 14239       0
 14240       1
 14241       2
 14242       0
 14243       0
 14244       0
 14245       1
 14246       1
 14247       0
 14248       0
 14249       0
 14250       1
 14251       0
 14252       0
 14253       0
 14254       0
 14255       0
 14256       2
 14257       0
 14258       0
 14259       0
 14260       1
 14261       0
 14262       1
 14263       0
 14264       0
 14265       0
 14266       1
 14267       1
 14268       0
 14269       0
 14270       0
 14271       0
 14272       2
 14273       1
 14274       4
 14275       0
 14276       0
 14277       3
 14278       0
 14279       1
 14280       0
 14281       0
 14282       2
 14283       0
 14284       1
 14285       1
 14286       1
 14287       1
 14288       2
 14289       0
 14290       0
 14291       0
 14292       1
 14293       0
 14294       0
 14295       0
 14296       0
 14297       0
 14298       0
 14299       2
 14300       1
 14301       2
 14302       3
 14303       0
 14304       1
 14305       0
 14306       0
 14307       1
 14308       1
 14309       0
 14310       0
 14311       1
 14312       0
 14313       0
 14314       1
 14315       0
 14316       0
 14317       0
 14318       3
 14319       1
 14320       0
 14321       1
 14322       1
 14323       1
 14324       0
 14325       1
 14326       1
 14327       0
 14328       0
 14329       0
 14330       1
 14331       0
 14332       0
 14333       2
 14334       0
 14335       0
 14336       1
 14337       0
 14338       0
 14339       1
 14340       0
 14341       1
 14342       1
 14343       1
 14344       1
 14345       2
 14346       0
 14347       1
 14348       0
 14349       0
 14350       0
 14351       0
 14352       0
 14353       0
 14354       0
 14355       0
 14356       0
 14357       0
 14358       0
 14359       0
 14360       0
 14361       1
 14362       0
 14363       3
 14364       0
 14365       1
 14366       0
 14367       0
 14368       0
 14369       0
 14370       0
 14371       0
 14372       0
 14373       1
 14374       0
 14375       0
 14376       0
 14377       0
 14378       0
 14379       0
 14380       0
 14381       0
 14382       0
 14383       0
 14384       1
 14385       1
 14386       0
 14387       0
 14388       2
 14389       1
 14390       1
 14391       1
 14392       0
 14393       1
 14394       0
 14395       0
 14396       0
 14397       1
 14398       0
 14399       1
 14400       1
 14401       0
 14402       0
 14403       1
 14404       2
 14405       0
 14406       1
 14407       0
 14408       0
 14409       0
 14410       2
 14411       1
 14412       1
 14413       2
 14414       0
 14415       1
 14416       1
 14417       0
 14418       1
 14419       0
 14420       1
 14421       2
 14422       2
 14423       1
 14424       2
 14425       0
 14426       1
 14427       0
 14428       1
 14429       0
 14430       1
 14431       0
 14432       1
 14433       0
 14434       1
 14435       1
 14436       0
 14437       1
 14438       1
 14439       0
 14440       0
 14441       2
 14442       1
 14443       0
 14444       0
 14445       1
 14446       0
 14447       1
 14448       0
 14449       0
 14450       1
 14451       1
 14452       0
 14453       0
 14454       0
 14455       0
 14456       2
 14457       0
 14458       0
 14459       0
 14460       0
 14461       0
 14462       0
 14463       0
 14464       0
 14465       0
 14466       1
 14467       0
 14468       1
 14469       0
 14470       0
 14471       0
 14472       1
 14473       0
 14474       0
 14475       0
 14476       1
 14477       1
 14478       1
 14479       0
 14480       1
 14481       0
 14482       2
 14483       0
 14484       1
 14485       0
 14486       1
 14487       1
 14488       1
 14489       0
 14490       2
 14491       0
 14492       0
 14493       0
 14494       0
 14495       0
 14496       0
 14497       0
 14498       0
 14499       0
 14500       1
 14501       2
 14502       0
 14503       0
 14504       0
 14505       0
 14506       0
 14507       0
 14508       3
 14509       0
 14510       0
 14511       0
 14512       0
 14513       1
 14514       1
 14515       1
 14516       0
 14517       0
 14518       0
 14519       2
 14520       1
 14521       0
 14522       0
 14523       0
 14524       0
 14525       0
 14526       0
 14527       0
 14528       1
 14529       0
 14530       0
 14531       0
 14532       0
 14533       0
 14534       0
 14535       1
 14536       0
 14537       1
 14538       1
 14539       0
 14540       1
 14541       0
 14542       1
 14543       1
 14544       0
 14545       0
 14546       1
 14547       0
 14548       0
 14549       0
 14550       0
 14551       0
 14552       1
 14553       1
 14554       2
 14555       0
 14556       0
 14557       1
 14558       0
 14559       1
 14560       2
 14561       1
 14562       0
 14563       1
 14564       0
 14565       0
 14566       0
 14567       0
 14568       2
 14569       0
 14570       0
 14571       1
 14572       1
 14573       3
 14574       1
 14575       1
 14576       0
 14577       0
 14578       0
 14579       0
 14580       0
 14581       0
 14582       0
 14583       0
 14584       1
 14585       0
 14586       0
 14587       0
 14588       0
 14589       0
 14590       0
 14591       0
 14592       2
 14593       0
 14594       0
 14595       0
 14596       0
 14597       0
 14598       1
 14599       1
 14600       0
 14601       0
 14602       1
 14603       1
 14604       1
 14605       1
 14606       2
 14607       2
 14608       1
 14609       0
 14610       1
 14611       0
 14612       2
 14613       3
 14614       0
 14615       1
 14616       0
 14617       0
 14618       0
 14619       0
 14620       0
 14621       1
 14622       0
 14623       2
 14624       2
 14625       0
 14626       0
 14627       0
 14628       0
 14629       0
 14630       0
 14631       0
 14632       1
 14633       1
 14634       1
 14635       0
 14636       2
 14637       1
 14638       0
 14639       0
 14640       0
 14641       0
 14642       0
 14643       0
 14644       3
 14645       1
 14646       0
 14647       2
 14648       0
 14649       1
 14650       1
 14651       0
 14652       0
 14653       1
 14654       0
 14655       0
 14656       0
 14657       0
 14658       0
 14659       0
 14660       2
 14661       0
 14662       1
 14663       1
 14664       0
 14665       0
 14666       1
 14667       0
 14668       0
 14669       0
 14670       0
 14671       1
 14672       0
 14673       1
 14674       0
 14675       1
 14676       0
 14677       1
 14678       1
 14679       0
 14680       0
 14681       1
 14682       1
 14683       0
 14684       1
 14685       2
 14686       1
 14687       0
 14688       0
 14689       0
 14690       1
 14691       0
 14692       0
 14693       1
 14694       0
 14695       0
 14696       0
 14697       0
 14698       1
 14699       0
 14700       1
 14701       0
 14702       1
 14703       0
 14704       0
 14705       1
 14706       1
 14707       1
 14708       0
 14709       0
 14710       1
 14711       0
 14712       2
 14713       1
 14714       2
 14715       0
 14716       0
 14717       2
 14718       1
 14719       1
 14720       0
 14721       0
 14722       0
 14723       2
 14724       0
 14725       3
 14726       0
 14727       0
 14728       0
 14729       1
 14730       0
 14731       1
 14732       0
 14733       0
 14734       0
 14735       1
 14736       0
 14737       0
 14738       1
 14739       0
 14740       0
 14741       0
 14742       0
 14743       0
 14744       0
 14745       1
 14746       0
 14747       0
 14748       1
 14749       1
 14750       0
 14751       0
 14752       1
 14753       0
 14754       0
 14755       0
 14756       1
 14757       0
 14758       0
 14759       1
 14760       0
 14761       0
 14762       1
 14763       0
 14764       1
 14765       0
 14766       1
 14767       1
 14768       0
 14769       0
 14770       0
 14771       1
 14772       0
 14773       1
 14774       0
 14775       0
 14776       1
 14777       1
 14778       3
 14779       0
 14780       0
 14781       1
 14782       0
 14783       0
 14784       0
 14785       0
 14786       0
 14787       2
 14788       1
 14789       1
 14790       0
 14791       0
 14792       0
 14793       0
 14794       0
 14795       1
 14796       1
 14797       0
 14798       1
 14799       0
 14800       0
 14801       1
 14802       0
 14803       1
 14804       1
 14805       0
 14806       0
 14807       0
 14808       0
 14809       2
 14810       1
 14811       0
 14812       0
 14813       0
 14814       0
 14815       0
 14816       0
 14817       0
 14818       1
 14819       1
 14820       0
 14821       1
 14822       0
 14823       0
 14824       0
 14825       1
 14826       1
 14827       0
 14828       1
 14829       1
 14830       0
 14831       0
 14832       2
 14833       2
 14834       0
 14835       1
 14836       1
 14837       0
 14838       0
 14839       0
 14840       0
 14841       0
 14842       1
 14843       0
 14844       1
 14845       0
 14846       0
 14847       0
 14848       0
 14849       0
 14850       1
 14851       1
 14852       0
 14853       0
 14854       0
 14855       0
 14856       2
 14857       0
 14858       0
 14859       0
 14860       2
 14861       2
 14862       1
 14863       0
 14864       1
 14865       0
 14866       1
 14867       0
 14868       1
 14869       0
 14870       0
 14871       2
 14872       2
 14873       0
 14874       0
 14875       1
 14876       1
 14877       1
 14878       0
 14879       0
 14880       0
 14881       1
 14882       0
 14883       3
 14884       2
 14885       1
 14886       3
 14887       1
 14888       1
 14889       1
 14890       0
 14891       1
 14892       1
 14893       0
 14894       1
 14895       1
 14896       0
 14897       2
 14898       0
 14899       0
 14900       1
 14901       0
 14902       0
 14903       0
 14904       1
 14905       0
 14906       0
 14907       1
 14908       0
 14909       0
 14910       0
 14911       0
 14912       0
 14913       0
 14914       1
 14915       0
 14916       0
 14917       0
 14918       0
 14919       1
 14920       0
 14921       0
 14922       1
 14923       1
 14924       0
 14925       2
 14926       1
 14927       0
 14928       0
 14929       2
 14930       0
 14931       0
 14932       0
 14933       0
 14934       1
 14935       0
 14936       0
 14937       0
 14938       1
 14939       0
 14940       0
 14941       0
 14942       0
 14943       0
 14944       1
 14945       0
 14946       0
 14947       0
 14948       2
 14949       1
 14950       1
 14951       1
 14952       0
 14953       2
 14954       0
 14955       0
 14956       2
 14957       0
 14958       1
 14959       2
 14960       0
 14961       1
 14962       2
 14963       2
 14964       0
 14965       1
 14966       1
 14967       0
 14968       0
 14969       1
 14970       0
 14971       0
 14972       0
 14973       0
 14974       0
 14975       1
 14976       0
 14977       0
 14978       0
 14979       0
 14980       0
 14981       0
 14982       3
 14983       1
 14984       0
 14985       0
 14986       0
 14987       0
 14988       2
 14989       0
 14990       2
 14991       1
 14992       0
 14993       0
 14994       0
 14995       0
 14996       2
 14997       0
 14998       0
 14999       1
 15000       0
 15001       1
 15002       1
 15003       1
 15004       0
 15005       1
 15006       0
 15007       0
 15008       0
 15009       0
 15010       2
 15011       1
 15012       1
 15013       0
 15014       1
 15015       0
 15016       1
 15017       0
 15018       0
 15019       0
 15020       1
 15021       1
 15022       0
 15023       0
 15024       1
 15025       0
 15026       0
 15027       0
 15028       1
 15029       1
 15030       0
 15031       0
 15032       0
 15033       1
 15034       0
 15035       2
 15036       1
 15037       1
 15038       0
 15039       0
 15040       0
 15041       0
 15042       0
 15043       0
 15044       0
 15045       0
 15046       1
 15047       0
 15048       0
 15049       4
 15050       0
 15051       0
 15052       2
 15053       0
 15054       0
 15055       0
 15056       0
 15057       0
 15058       0
 15059       1
 15060       1
 15061       1
 15062       0
 15063       0
 15064       0
 15065       2
 15066       0
 15067       0
 15068       0
 15069       1
 15070       0
 15071       1
 15072       0
 15073       0
 15074       0
 15075       0
 15076       0
 15077       0
 15078       0
 15079       0
 15080       2
 15081       2
 15082       0
 15083       1
 15084       1
 15085       2
 15086       0
 15087       0
 15088       1
 15089       2
 15090       1
 15091       2
 15092       0
 15093       1
 15094       2
 15095       0
 15096       0
 15097       0
 15098       0
 15099       0
 15100       2
 15101       1
 15102       0
 15103       0
 15104       0
 15105       0
 15106       0
 15107       2
 15108       1
 15109       1
 15110       0
 15111       1
 15112       1
 15113       1
 15114       0
 15115       0
 15116       1
 15117       1
 15118       0
 15119       1
 15120       0
 15121       1
 15122       0
 15123       1
 15124       0
 15125       0
 15126       0
 15127       2
 15128       0
 15129       0
 15130       1
 15131       0
 15132       1
 15133       2
 15134       0
 15135       0
 15136       0
 15137       0
 15138       0
 15139       0
 15140       0
 15141       0
 15142       1
 15143       0
 15144       0
 15145       1
 15146       0
 15147       2
 15148       0
 15149       0
 15150       0
 15151       1
 15152       0
 15153       0
 15154       0
 15155       0
 15156       0
 15157       1
 15158       1
 15159       0
 15160       1
 15161       0
 15162       0
 15163       2
 15164       0
 15165       0
 15166       1
 15167       0
 15168       0
 15169       1
 15170       1
 15171       2
 15172       0
 15173       1
 15174       0
 15175       1
 15176       0
 15177       0
 15178       1
 15179       0
 15180       1
 15181       1
 15182       1
 15183       2
 15184       0
 15185       2
 15186       0
 15187       0
 15188       0
 15189       0
 15190       1
 15191       0
 15192       0
 15193       1
 15194       0
 15195       0
 15196       1
 15197       1
 15198       0
 15199       1
 15200       0
 15201       0
 15202       0
 15203       0
 15204       0
 15205       0
 15206       0
 15207       0
 15208       0
 15209       1
 15210       1
 15211       1
 15212       1
 15213       0
 15214       0
 15215       1
 15216       1
 15217       1
 15218       0
 15219       0
 15220       0
 15221       0
 15222       0
 15223       1
 15224       2
 15225       0
 15226       1
 15227       0
 15228       1
 15229       0
 15230       0
 15231       1
 15232       0
 15233       0
 15234       2
 15235       0
 15236       0
 15237       1
 15238       0
 15239       0
 15240       1
 15241       0
 15242       2
 15243       1
 15244       0
 15245       0
 15246       1
 15247       0
 15248       1
 15249       1
 15250       0
 15251       0
 15252       2
 15253       1
 15254       0
 15255       1
 15256       0
 15257       2
 15258       1
 15259       1
 15260       1
 15261       0
 15262       0
 15263       0
 15264       0
 15265       0
 15266       1
 15267       0
 15268       1
 15269       0
 15270       0
 15271       0
 15272       2
 15273       1
 15274       0
 15275       0
 15276       1
 15277       1
 15278       1
 15279       0
 15280       0
 15281       0
 15282       0
 15283       1
 15284       0
 15285       1
 15286       0
 15287       0
 15288       1
 15289       0
 15290       1
 15291       1
 15292       0
 15293       1
 15294       0
 15295       0
 15296       0
 15297       0
 15298       2
 15299       1
 15300       0
 15301       1
 15302       1
 15303       1
 15304       1
 15305       0
 15306       1
 15307       1
 15308       0
 15309       1
 15310       0
 15311       1
 15312       0
 15313       0
 15314       0
 15315       0
 15316       0
 15317       0
 15318       1
 15319       0
 15320       0
 15321       0
 15322       0
 15323       0
 15324       3
 15325       0
 15326       2
 15327       0
 15328       1
 15329       1
 15330       0
 15331       1
 15332       2
 15333       1
 15334       1
 15335       0
 15336       0
 15337       0
 15338       0
 15339       1
 15340       0
 15341       1
 15342       0
 15343       0
 15344       1
 15345       1
 15346       0
 15347       0
 15348       1
 15349       2
 15350       0
 15351       0
 15352       0
 15353       0
 15354       2
 15355       0
 15356       1
 15357       0
 15358       1
 15359       0
 15360       1
 15361       1
 15362       0
 15363       0
 15364       0
 15365       0
 15366       1
 15367       0
 15368       0
 15369       0
 15370       0
 15371       1
 15372       0
 15373       0
 15374       0
 15375       0
 15376       0
 15377       1
 15378       0
 15379       0
 15380       0
 15381       0
 15382       1
 15383       0
 15384       1
 15385       1
 15386       1
 15387       0
 15388       0
 15389       0
 15390       0
 15391       0
 15392       1
 15393       0
 15394       0
 15395       1
 15396       0
 15397       0
 15398       0
 15399       0
 15400       0
 15401       0
 15402       0
 15403       1
 15404       0
 15405       0
 15406       0
 15407       0
 15408       3
 15409       2
 15410       0
 15411       0
 15412       0
 15413       1
 15414       1
 15415       2
 15416       0
 15417       2
 15418       0
 15419       0
 15420       0
 15421       0
 15422       0
 15423       1
 15424       1
 15425       1
 15426       3
 15427       2
 15428       0
 15429       0
 15430       1
 15431       1
 15432       1
 15433       1
 15434       1
 15435       0
 15436       0
 15437       1
 15438       1
 15439       0
 15440       0
 15441       3
 15442       0
 15443       0
 15444       0
 15445       0
 15446       1
 15447       0
 15448       0
 15449       0
 15450       0
 15451       2
 15452       0
 15453       1
 15454       1
 15455       0
 15456       0
 15457       1
 15458       0
 15459       1
 15460       0
 15461       0
 15462       0
 15463       0
 15464       1
 15465       1
 15466       1
 15467       0
 15468       1
 15469       1
 15470       0
 15471       0
 15472       1
 15473       0
 15474       1
 15475       3
 15476       0
 15477       1
 15478       0
 15479       1
 15480       2
 15481       0
 15482       0
 15483       1
 15484       0
 15485       1
 15486       0
 15487       0
 15488       1
 15489       2
 15490       0
 15491       0
 15492       0
 15493       0
 15494       1
 15495       1
 15496       0
 15497       2
 15498       0
 15499       0
 15500       1
 15501       0
 15502       0
 15503       2
 15504       1
 15505       0
 15506       1
 15507       2
 15508       1
 15509       0
 15510       0
 15511       0
 15512       0
 15513       0
 15514       0
 15515       1
 15516       0
 15517       0
 15518       1
 15519       4
 15520       0
 15521       2
 15522       0
 15523       1
 15524       0
 15525       2
 15526       0
 15527       0
 15528       0
 15529       0
 15530       0
 15531       0
 15532       0
 15533       1
 15534       1
 15535       0
 15536       1
 15537       1
 15538       1
 15539       0
 15540       0
 15541       2
 15542       0
 15543       0
 15544       1
 15545       0
 15546       1
 15547       0
 15548       3
 15549       2
 15550       0
 15551       0
 15552       0
 15553       0
 15554       0
 15555       1
 15556       1
 15557       0
 15558       1
 15559       0
 15560       1
 15561       0
 15562       0
 15563       1
 15564       0
 15565       0
 15566       0
 15567       1
 15568       0
 15569       0
 15570       0
 15571       0
 15572       2
 15573       1
 15574       0
 15575       1
 15576       0
 15577       1
 15578       0
 15579       1
 15580       0
 15581       0
 15582       0
 15583       0
 15584       1
 15585       0
 15586       0
 15587       0
 15588       1
 15589       1
 15590       0
 15591       0
 15592       1
 15593       1
 15594       2
 15595       1
 15596       1
 15597       0
 15598       1
 15599       1
 15600       0
 15601       2
 15602       0
 15603       0
 15604       1
 15605       1
 15606       0
 15607       1
 15608       1
 15609       1
 15610       0
 15611       0
 15612       0
 15613       1
 15614       0
 15615       1
 15616       1
 15617       3
 15618       0
 15619       0
 15620       2
 15621       0
 15622       0
 15623       0
 15624       0
 15625       1
 15626       0
 15627       0
 15628       0
 15629       0
 15630       0
 15631       0
 15632       0
 15633       1
 15634       0
 15635       0
 15636       1
 15637       1
 15638       0
 15639       2
 15640       2
 15641       1
 15642       0
 15643       1
 15644       2
 15645       0
 15646       0
 15647       0
 15648       1
 15649       0
 15650       1
 15651       0
 15652       0
 15653       0
 15654       0
 15655       1
 15656       2
 15657       1
 15658       2
 15659       0
 15660       0
 15661       2
 15662       0
 15663       0
 15664       0
 15665       1
 15666       1
 15667       1
 15668       0
 15669       0
 15670       3
 15671       1
 15672       1
 15673       0
 15674       1
 15675       1
 15676       1
 15677       1
 15678       0
 15679       0
 15680       0
 15681       0
 15682       1
 15683       0
 15684       1
 15685       1
 15686       0
 15687       0
 15688       0
 15689       0
 15690       0
 15691       1
 15692       1
 15693       0
 15694       0
 15695       0
 15696       1
 15697       0
 15698       0
 15699       0
 15700       0
 15701       0
 15702       2
 15703       1
 15704       0
 15705       0
 15706       1
 15707       0
 15708       2
 15709       0
 15710       0
 15711       0
 15712       0
 15713       0
 15714       0
 15715       0
 15716       0
 15717       1
 15718       1
 15719       0
 15720       1
 15721       0
 15722       0
 15723       0
 15724       0
 15725       1
 15726       0
 15727       1
 15728       0
 15729       0
 15730       1
 15731       0
 15732       0
 15733       0
 15734       1
 15735       1
 15736       0
 15737       0
 15738       1
 15739       0
 15740       0
 15741       1
 15742       1
 15743       1
 15744       2
 15745       1
 15746       1
 15747       0
 15748       0
 15749       0
 15750       0
 15751       1
 15752       0
 15753       0
 15754       0
 15755       1
 15756       0
 15757       0
 15758       0
 15759       2
 15760       0
 15761       0
 15762       1
 15763       0
 15764       1
 15765       0
 15766       0
 15767       1
 15768       0
 15769       0
 15770       0
 15771       0
 15772       0
 15773       1
 15774       0
 15775       1
 15776       1
 15777       0
 15778       0
 15779       1
 15780       1
 15781       1
 15782       0
 15783       0
 15784       0
 15785       0
 15786       0
 15787       0
 15788       0
 15789       1
 15790       1
 15791       0
 15792       0
 15793       1
 15794       0
 15795       0
 15796       1
 15797       0
 15798       0
 15799       0
 15800       0
 15801       0
 15802       2
 15803       0
 15804       1
 15805       0
 15806       1
 15807       1
 15808       2
 15809       1
 15810       0
 15811       1
 15812       2
 15813       1
 15814       0
 15815       0
 15816       0
 15817       0
 15818       0
 15819       0
 15820       0
 15821       0
 15822       1
 15823       1
 15824       0
 15825       0
 15826       2
 15827       0
 15828       1
 15829       2
 15830       1
 15831       1
 15832       0
 15833       2
 15834       1
 15835       0
 15836       0
 15837       0
 15838       0
 15839       1
 15840       2
 15841       1
 15842       0
 15843       0
 15844       0
 15845       0
 15846       0
 15847       0
 15848       1
 15849       0
 15850       0
 15851       1
 15852       0
 15853       0
 15854       0
 15855       0
 15856       0
 15857       1
 15858       2
 15859       1
 15860       0
 15861       0
 15862       1
 15863       2
 15864       0
 15865       0
 15866       0
 15867       0
 15868       0
 15869       0
 15870       1
 15871       1
 15872       0
 15873       1
 15874       0
 15875       0
 15876       1
 15877       1
 15878       1
 15879       0
 15880       0
 15881       0
 15882       0
 15883       2
 15884       0
 15885       0
 15886       1
 15887       1
 15888       0
 15889       0
 15890       0
 15891       0
 15892       0
 15893       0
 15894       0
 15895       1
 15896       0
 15897       0
 15898       1
 15899       0
 15900       1
 15901       0
 15902       0
 15903       0
 15904       1
 15905       0
 15906       1
 15907       0
 15908       1
 15909       0
 15910       0
 15911       0
 15912       2
 15913       0
 15914       0
 15915       0
 15916       0
 15917       0
 15918       2
 15919       2
 15920       1
 15921       0
 15922       0
 15923       2
 15924       0
 15925       1
 15926       1
 15927       0
 15928       0
 15929       1
 15930       1
 15931       1
 15932       0
 15933       1
 15934       1
 15935       1
 15936       1
 15937       0
 15938       0
 15939       0
 15940       0
 15941       2
 15942       0
 15943       0
 15944       0
 15945       0
 15946       0
 15947       0
 15948       0
 15949       0
 15950       0
 15951       1
 15952       1
 15953       0
 15954       1
 15955       1
 15956       0
 15957       2
 15958       0
 15959       0
 15960       0
 15961       1
 15962       2
 15963       0
 15964       0
 15965       0
 15966       0
 15967       1
 15968       0
 15969       1
 15970       0
 15971       0
 15972       0
 15973       0
 15974       1
 15975       0
 15976       1
 15977       1
 15978       0
 15979       1
 15980       1
 15981       0
 15982       0
 15983       1
 15984       1
 15985       1
 15986       0
 15987       1
 15988       0
 15989       0
 15990       0
 15991       1
 15992       1
 15993       0
 15994       0
 15995       0
 15996       0
 15997       1
 15998       0
 15999       0
 16000       0
 16001       1
 16002       1
 16003       1
 16004       0
 16005       0
 16006       2
 16007       0
 16008       1
 16009       0
 16010       0
 16011       0
 16012       0
 16013       0
 16014       1
 16015       0
 16016       0
 16017       0
 16018       0
 16019       0
 16020       0
 16021       0
 16022       0
 16023       0
 16024       0
 16025       2
 16026       0
 16027       0
 16028       0
 16029       0
 16030       1
 16031       0
 16032       1
 16033       1
 16034       2
 16035       1
 16036       1
 16037       1
 16038       0
 16039       0
 16040       0
 16041       1
 16042       2
 16043       0
 16044       0
 16045       0
 16046       0
 16047       0
 16048       0
 16049       0
 16050       0
 16051       0
 16052       0
 16053       2
 16054       0
 16055       0
 16056       0
 16057       0
 16058       0
 16059       0
 16060       1
 16061       0
 16062       0
 16063       1
 16064       0
 16065       0
 16066       2
 16067       1
 16068       0
 16069       0
 16070       0
 16071       0
 16072       0
 16073       0
 16074       1
 16075       2
 16076       1
 16077       0
 16078       0
 16079       3
 16080       1
 16081       1
 16082       1
 16083       0
 16084       0
 16085       1
 16086       1
 16087       0
 16088       0
 16089       0
 16090       0
 16091       0
 16092       1
 16093       0
 16094       0
 16095       1
 16096       0
 16097       1
 16098       0
 16099       1
 16100       0
 16101       0
 16102       0
 16103       0
 16104       4
 16105       1
 16106       3
 16107       1
 16108       0
 16109       2
 16110       0
 16111       0
 16112       0
 16113       0
 16114       0
 16115       0
 16116       1
 16117       1
 16118       0
 16119       0
 16120       0
 16121       0
 16122       1
 16123       0
 16124       0
 16125       0
 16126       2
 16127       0
 16128       1
 16129       1
 16130       2
 16131       0
 16132       0
 16133       0
 16134       0
 16135       2
 16136       1
 16137       0
 16138       1
 16139       0
 16140       1
 16141       0
 16142       0
 16143       0
 16144       0
 16145       1
 16146       0
 16147       0
 16148       0
 16149       1
 16150       0
 16151       0
 16152       0
 16153       0
 16154       0
 16155       1
 16156       0
 16157       0
 16158       0
 16159       2
 16160       0
 16161       0
 16162       0
 16163       1
 16164       0
 16165       0
 16166       0
 16167       0
 16168       0
 16169       0
 16170       0
 16171       2
 16172       2
 16173       0
 16174       0
 16175       0
 16176       0
 16177       0
 16178       0
 16179       1
 16180       0
 16181       0
 16182       0
 16183       0
 16184       0
 16185       0
 16186       2
 16187       0
 16188       1
 16189       0
 16190       0
 16191       2
 16192       0
 16193       0
 16194       1
 16195       0
 16196       1
 16197       0
 16198       1
 16199       0
 16200       0
 16201       2
 16202       2
 16203       1
 16204       1
 16205       0
 16206       1
 16207       0
 16208       0
 16209       1
 16210       1
 16211       0
 16212       0
 16213       0
 16214       0
 16215       0
 16216       0
 16217       0
 16218       1
 16219       1
 16220       1
 16221       0
 16222       1
 16223       0
 16224       0
 16225       1
 16226       0
 16227       0
 16228       0
 16229       0
 16230       0
 16231       1
 16232       0
 16233       1
 16234       0
 16235       0
 16236       1
 16237       0
 16238       0
 16239       1
 16240       3
 16241       1
 16242       1
 16243       0
 16244       0
 16245       0
 16246       0
 16247       1
 16248       0
 16249       0
 16250       1
 16251       1
 16252       0
 16253       0
 16254       1
 16255       2
 16256       0
 16257       1
 16258       0
 16259       0
 16260       0
 16261       0
 16262       0
 16263       0
 16264       0
 16265       0
 16266       3
 16267       0
 16268       1
 16269       1
 16270       0
 16271       0
 16272       1
 16273       1
 16274       1
 16275       1
 16276       0
 16277       0
 16278       0
 16279       2
 16280       0
 16281       1
 16282       0
 16283       0
 16284       0
 16285       0
 16286       0
 16287       0
 16288       1
 16289       0
 16290       0
 16291       0
 16292       1
 16293       0
 16294       0
 16295       1
 16296       0
 16297       0
 16298       1
 16299       0
 16300       0
 16301       0
 16302       0
 16303       1
 16304       0
 16305       0
 16306       0
 16307       0
 16308       1
 16309       0
 16310       0
 16311       0
 16312       0
 16313       1
 16314       1
 16315       1
 16316       0
 16317       0
 16318       0
 16319       1
 16320       0
 16321       1
 16322       0
 16323       0
 16324       1
 16325       0
 16326       0
 16327       0
 16328       1
 16329       1
 16330       1
 16331       0
 16332       0
 16333       0
 16334       1
 16335       0
 16336       0
 16337       1
 16338       0
 16339       0
 16340       2
 16341       2
 16342       1
 16343       0
 16344       0
 16345       0
 16346       3
 16347       0
 16348       0
 16349       0
 16350       1
 16351       0
 16352       0
 16353       0
 16354       0
 16355       0
 16356       1
 16357       1
 16358       1
 16359       1
 16360       0
 16361       1
 16362       0
 16363       0
 16364       1
 16365       1
 16366       1
 16367       0
 16368       0
 16369       0
 16370       0
 16371       0
 16372       0
 16373       0
 16374       0
 16375       0
 16376       0
 16377       1
 16378       0
 16379       0
 16380       0
 16381       0
 16382       0
 16383       0
 16384       1
